"dataname","replacement","MainPrey","Npredator","Nprey.MainPrey","Nconsumed.MainPrey.mean","Nconsumed.MainPrey.se","Nprey.AltPrey","Nconsumed.AltPrey.mean","Nconsumed.AltPrey.se","n","Nconsumed.MainPrey.var","Nconsumed.AltPrey.var","log.Nconsumed.MainPrey.mean","log.Nconsumed.AltPrey.mean","log.Nconsumed.MainPrey.var","log.Nconsumed.AltPrey.var","log.Nprey.MainPrey","log.Nprey.AltPrey","weights"
"Elliot_2006_i2",TRUE,"Prey1",1,20,0.3,0.18,180,1.6,0.19,10,3.24,3.61,-1.20397280432594,0.470003629245736,1.17557332980424,1.28370777234479,2.99573227355399,5.19295685089021,10
"Elliot_2006_i2",TRUE,"Prey1",1,40,0.6,0.19,160,1.5,0.19,10,3.61,3.61,-0.510825623765991,0.405465108108164,1.28370777234479,1.28370777234479,3.68887945411394,5.07517381523383,10
"Elliot_2006_i2",TRUE,"Prey1",1,60,0.9,0.12,140,1.3,0.18,10,1.44,3.24,-0.105360515657826,0.262364264467491,0.364643113587909,1.17557332980424,4.0943445622221,4.9416424226093,10
"Elliot_2006_i2",TRUE,"Prey1",1,80,1.2,0.23,120,1.1,0.12,10,5.29,1.44,0.182321556793955,0.0953101798043249,1.66581824587021,0.364643113587909,4.38202663467388,4.78749174278205,10
"Elliot_2006_i2",TRUE,"Prey1",1,100,1.5,0.19,100,1,0.17,10,3.61,2.89,0.405465108108164,0,1.28370777234479,1.06125650212434,4.60517018598809,4.60517018598809,10
"Elliot_2006_i2",TRUE,"Prey1",1,120,1.8,0.29,80,0.8,0.15,10,8.41,2.25,0.587786664902119,-0.22314355131421,2.12942147398486,0.810930216216329,4.78749174278205,4.38202663467388,10
"Elliot_2006_i2",TRUE,"Prey1",1,140,2,0.24,60,0.6,0.19,10,5.76,3.61,0.693147180559945,-0.510825623765991,1.7509374747078,1.28370777234479,4.9416424226093,4.0943445622221,10
"Elliot_2006_i2",TRUE,"Prey1",1,160,2.2,0.23,40,0.4,0.19,10,5.29,3.61,0.78845736036427,-0.916290731874155,1.66581824587021,1.28370777234479,5.07517381523383,3.68887945411394,10
"Elliot_2006_i2",TRUE,"Prey1",1,180,2.5,0.26,20,0.2,0.15,10,6.76,2.25,0.916290731874155,-1.6094379124341,1.91102289005487,0.810930216216329,5.19295685089021,2.99573227355399,10
"Elliot_2006_i2",TRUE,"Prey2",1,180,1.6,0.19,20,0.3,0.18,10,3.61,3.24,0.470003629245736,-1.20397280432594,1.28370777234479,1.17557332980424,5.19295685089021,2.99573227355399,10
"Elliot_2006_i2",TRUE,"Prey2",1,160,1.5,0.19,40,0.6,0.19,10,3.61,3.61,0.405465108108164,-0.510825623765991,1.28370777234479,1.28370777234479,5.07517381523383,3.68887945411394,10
"Elliot_2006_i2",TRUE,"Prey2",1,140,1.3,0.18,60,0.9,0.12,10,3.24,1.44,0.262364264467491,-0.105360515657826,1.17557332980424,0.364643113587909,4.9416424226093,4.0943445622221,10
"Elliot_2006_i2",TRUE,"Prey2",1,120,1.1,0.12,80,1.2,0.23,10,1.44,5.29,0.0953101798043249,0.182321556793955,0.364643113587909,1.66581824587021,4.78749174278205,4.38202663467388,10
"Elliot_2006_i2",TRUE,"Prey2",1,100,1,0.17,100,1.5,0.19,10,2.89,3.61,0,0.405465108108164,1.06125650212434,1.28370777234479,4.60517018598809,4.60517018598809,10
"Elliot_2006_i2",TRUE,"Prey2",1,80,0.8,0.15,120,1.8,0.29,10,2.25,8.41,-0.22314355131421,0.587786664902119,0.810930216216329,2.12942147398486,4.38202663467388,4.78749174278205,10
"Elliot_2006_i2",TRUE,"Prey2",1,60,0.6,0.19,140,2,0.24,10,3.61,5.76,-0.510825623765991,0.693147180559945,1.28370777234479,1.7509374747078,4.0943445622221,4.9416424226093,10
"Elliot_2006_i2",TRUE,"Prey2",1,40,0.4,0.19,160,2.2,0.23,10,3.61,5.29,-0.916290731874155,0.78845736036427,1.28370777234479,1.66581824587021,3.68887945411394,5.07517381523383,10
"Elliot_2006_i2",TRUE,"Prey2",1,20,0.2,0.15,180,2.5,0.26,10,2.25,6.76,-1.6094379124341,0.916290731874155,0.810930216216329,1.91102289005487,2.99573227355399,5.19295685089021,10
"Elliot_2006_i3",TRUE,"Prey1",1,20,0.7,0.18,180,3.2,0.29,10,3.24,8.41,-0.356674943938732,1.16315080980568,1.17557332980424,2.12942147398486,2.99573227355399,5.19295685089021,10
"Elliot_2006_i3",TRUE,"Prey1",1,40,1.2,0.15,160,3,0.3,10,2.25,9,0.182321556793955,1.09861228866811,0.810930216216329,2.19722457733622,3.68887945411394,5.07517381523383,10
"Elliot_2006_i3",TRUE,"Prey1",1,60,1.8,0.15,140,2.7,0.18,10,2.25,3.24,0.587786664902119,0.993251773010283,0.810930216216329,1.17557332980424,4.0943445622221,4.9416424226093,10
"Elliot_2006_i3",TRUE,"Prey1",1,80,2.3,0.24,120,2.4,0.26,10,5.76,6.76,0.832909122935104,0.8754687373539,1.7509374747078,1.91102289005487,4.38202663467388,4.78749174278205,10
"Elliot_2006_i3",TRUE,"Prey1",1,100,2.7,0.18,100,2.1,0.21,10,3.24,4.41,0.993251773010283,0.741937344729377,1.17557332980424,1.48387468945875,4.60517018598809,4.60517018598809,10
"Elliot_2006_i3",TRUE,"Prey1",1,120,3.1,0.44,80,1.7,0.18,10,19.36,3.24,1.1314021114911,0.53062825106217,2.96320908184843,1.17557332980424,4.78749174278205,4.38202663467388,10
"Elliot_2006_i3",TRUE,"Prey1",1,140,3.5,0.39,60,1.4,0.19,10,15.21,3.61,1.25276296849537,0.336472236621213,2.7219531062712,1.28370777234479,4.9416424226093,4.0943445622221,10
"Elliot_2006_i3",TRUE,"Prey1",1,160,3.9,0.53,40,1,0.17,10,28.09,2.89,1.3609765531356,0,3.33541364111615,1.06125650212434,5.07517381523383,3.68887945411394,10
"Elliot_2006_i3",TRUE,"Prey1",1,180,4.2,0.41,20,0.5,0.19,10,16.81,3.61,1.43508452528932,-0.693147180559945,2.82197394742052,1.28370777234479,5.19295685089021,2.99573227355399,10
"Elliot_2006_i3",TRUE,"Prey2",1,180,3.2,0.29,20,0.7,0.18,10,8.41,3.24,1.16315080980568,-0.356674943938732,2.12942147398486,1.17557332980424,5.19295685089021,2.99573227355399,10
"Elliot_2006_i3",TRUE,"Prey2",1,160,3,0.3,40,1.2,0.15,10,9,2.25,1.09861228866811,0.182321556793955,2.19722457733622,0.810930216216329,5.07517381523383,3.68887945411394,10
"Elliot_2006_i3",TRUE,"Prey2",1,140,2.7,0.18,60,1.8,0.15,10,3.24,2.25,0.993251773010283,0.587786664902119,1.17557332980424,0.810930216216329,4.9416424226093,4.0943445622221,10
"Elliot_2006_i3",TRUE,"Prey2",1,120,2.4,0.26,80,2.3,0.24,10,6.76,5.76,0.8754687373539,0.832909122935104,1.91102289005487,1.7509374747078,4.78749174278205,4.38202663467388,10
"Elliot_2006_i3",TRUE,"Prey2",1,100,2.1,0.21,100,2.7,0.18,10,4.41,3.24,0.741937344729377,0.993251773010283,1.48387468945875,1.17557332980424,4.60517018598809,4.60517018598809,10
"Elliot_2006_i3",TRUE,"Prey2",1,80,1.7,0.18,120,3.1,0.44,10,3.24,19.36,0.53062825106217,1.1314021114911,1.17557332980424,2.96320908184843,4.38202663467388,4.78749174278205,10
"Elliot_2006_i3",TRUE,"Prey2",1,60,1.4,0.19,140,3.5,0.39,10,3.61,15.21,0.336472236621213,1.25276296849537,1.28370777234479,2.7219531062712,4.0943445622221,4.9416424226093,10
"Elliot_2006_i3",TRUE,"Prey2",1,40,1,0.17,160,3.9,0.53,10,2.89,28.09,0,1.3609765531356,1.06125650212434,3.33541364111615,3.68887945411394,5.07517381523383,10
"Elliot_2006_i3",TRUE,"Prey2",1,20,0.5,0.19,180,4.2,0.41,10,3.61,16.81,-0.693147180559945,1.43508452528932,1.28370777234479,2.82197394742052,2.99573227355399,5.19295685089021,10
"Elliot_2006_i4",TRUE,"Prey1",1,20,0.2,0.15,180,9.2,0.59,10,2.25,34.81,-1.6094379124341,2.21920348405499,0.810930216216329,3.54990470182335,2.99573227355399,5.19295685089021,10
"Elliot_2006_i4",TRUE,"Prey1",1,40,0.8,0.15,160,8.6,0.39,10,2.25,15.21,-0.22314355131421,2.15176220325946,0.810930216216329,2.7219531062712,3.68887945411394,5.07517381523383,10
"Elliot_2006_i4",TRUE,"Prey1",1,60,1.6,0.19,140,7.7,0.39,10,3.61,15.21,0.470003629245736,2.04122032885964,1.28370777234479,2.7219531062712,4.0943445622221,4.9416424226093,10
"Elliot_2006_i4",TRUE,"Prey1",1,80,2.6,0.19,120,6.6,0.19,10,3.61,3.61,0.955511445027436,1.88706964903238,1.28370777234479,1.28370777234479,4.38202663467388,4.78749174278205,10
"Elliot_2006_i4",TRUE,"Prey1",1,100,3.8,0.48,100,5.3,0.35,10,23.04,12.25,1.33500106673234,1.66770682055808,3.13723183582769,2.50552593699074,4.60517018598809,4.60517018598809,10
"Elliot_2006_i4",TRUE,"Prey1",1,120,5.1,0.4,80,3.9,0.53,10,16,28.09,1.62924053973028,1.3609765531356,2.77258872223978,3.33541364111615,4.78749174278205,4.38202663467388,10
"Elliot_2006_i4",TRUE,"Prey1",1,140,6.4,0.19,60,2.5,0.26,10,3.61,6.76,1.85629799036563,0.916290731874155,1.28370777234479,1.91102289005487,4.9416424226093,4.0943445622221,10
"Elliot_2006_i4",TRUE,"Prey1",1,160,7.5,0.31,40,1.3,0.24,10,9.61,5.76,2.01490302054226,0.262364264467491,2.2628042229822,1.7509374747078,5.07517381523383,3.68887945411394,10
"Elliot_2006_i4",TRUE,"Prey1",1,180,8.3,0.24,20,0.4,0.19,10,5.76,3.61,2.11625551480255,-0.916290731874155,1.7509374747078,1.28370777234479,5.19295685089021,2.99573227355399,10
"Elliot_2006_i4",TRUE,"Prey2",1,180,9.2,0.59,20,0.2,0.15,10,34.81,2.25,2.21920348405499,-1.6094379124341,3.54990470182335,0.810930216216329,5.19295685089021,2.99573227355399,10
"Elliot_2006_i4",TRUE,"Prey2",1,160,8.6,0.39,40,0.8,0.15,10,15.21,2.25,2.15176220325946,-0.22314355131421,2.7219531062712,0.810930216216329,5.07517381523383,3.68887945411394,10
"Elliot_2006_i4",TRUE,"Prey2",1,140,7.7,0.39,60,1.6,0.19,10,15.21,3.61,2.04122032885964,0.470003629245736,2.7219531062712,1.28370777234479,4.9416424226093,4.0943445622221,10
"Elliot_2006_i4",TRUE,"Prey2",1,120,6.6,0.19,80,2.6,0.19,10,3.61,3.61,1.88706964903238,0.955511445027436,1.28370777234479,1.28370777234479,4.78749174278205,4.38202663467388,10
"Elliot_2006_i4",TRUE,"Prey2",1,100,5.3,0.35,100,3.8,0.48,10,12.25,23.04,1.66770682055808,1.33500106673234,2.50552593699074,3.13723183582769,4.60517018598809,4.60517018598809,10
"Elliot_2006_i4",TRUE,"Prey2",1,80,3.9,0.53,120,5.1,0.4,10,28.09,16,1.3609765531356,1.62924053973028,3.33541364111615,2.77258872223978,4.38202663467388,4.78749174278205,10
"Elliot_2006_i4",TRUE,"Prey2",1,60,2.5,0.26,140,6.4,0.19,10,6.76,3.61,0.916290731874155,1.85629799036563,1.91102289005487,1.28370777234479,4.0943445622221,4.9416424226093,10
"Elliot_2006_i4",TRUE,"Prey2",1,40,1.3,0.24,160,7.5,0.31,10,5.76,9.61,0.262364264467491,2.01490302054226,1.7509374747078,2.2628042229822,3.68887945411394,5.07517381523383,10
"Elliot_2006_i4",TRUE,"Prey2",1,20,0.4,0.19,180,8.3,0.24,10,3.61,5.76,-0.916290731874155,2.11625551480255,1.28370777234479,1.7509374747078,2.99573227355399,5.19295685089021,10
"Elliot_2006_i4B",TRUE,"Prey1",1,20,0.2,0.15,180,9.4,0.63,10,2.25,39.69,-1.6094379124341,2.24070968927596,0.810930216216329,3.68109926679497,2.99573227355399,5.19295685089021,10
"Elliot_2006_i4B",TRUE,"Prey1",1,40,0.9,0.21,160,8.7,0.3,10,4.41,9,-0.105360515657826,2.16332302566054,1.48387468945875,2.19722457733622,3.68887945411394,5.07517381523383,10
"Elliot_2006_i4B",TRUE,"Prey1",1,60,2.1,0.21,140,7.5,0.31,10,4.41,9.61,0.741937344729377,2.01490302054226,1.48387468945875,2.2628042229822,4.0943445622221,4.9416424226093,10
"Elliot_2006_i4B",TRUE,"Prey1",1,80,3.8,0.38,120,5.8,0.29,10,14.44,8.41,1.33500106673234,1.75785791755237,2.67000213346468,2.12942147398486,4.38202663467388,4.78749174278205,10
"Elliot_2006_i4B",TRUE,"Prey1",1,100,5.6,0.19,100,4,0.38,10,3.61,14.44,1.7227665977411,1.38629436111989,1.28370777234479,2.67000213346468,4.60517018598809,4.60517018598809,10
"Elliot_2006_i4B",TRUE,"Prey1",1,120,7.2,0.38,80,2.4,0.26,10,14.44,6.76,1.97408102602201,0.8754687373539,2.67000213346468,1.91102289005487,4.78749174278205,4.38202663467388,10
"Elliot_2006_i4B",TRUE,"Prey1",1,140,8.4,0.26,60,1.2,0.23,10,6.76,5.29,2.12823170584927,0.182321556793955,1.91102289005487,1.66581824587021,4.9416424226093,4.0943445622221,10
"Elliot_2006_i4B",TRUE,"Prey1",1,160,9.1,0.32,40,0.5,0.19,10,10.24,3.61,2.2082744135228,-0.693147180559945,2.32630161961136,1.28370777234479,5.07517381523383,3.68887945411394,10
"Elliot_2006_i4B",TRUE,"Prey1",1,180,9.5,0.58,20,0.1,0.12,10,33.64,1.44,2.2512917986065,-2.30258509299405,3.51571583510475,0.364643113587909,5.19295685089021,2.99573227355399,10
"Elliot_2006_i4B",TRUE,"Prey2",1,180,9.4,0.63,20,0.2,0.15,10,39.69,2.25,2.24070968927596,-1.6094379124341,3.68109926679497,0.810930216216329,5.19295685089021,2.99573227355399,10
"Elliot_2006_i4B",TRUE,"Prey2",1,160,8.7,0.3,40,0.9,0.21,10,9,4.41,2.16332302566054,-0.105360515657826,2.19722457733622,1.48387468945875,5.07517381523383,3.68887945411394,10
"Elliot_2006_i4B",TRUE,"Prey2",1,140,7.5,0.31,60,2.1,0.21,10,9.61,4.41,2.01490302054226,0.741937344729377,2.2628042229822,1.48387468945875,4.9416424226093,4.0943445622221,10
"Elliot_2006_i4B",TRUE,"Prey2",1,120,5.8,0.29,80,3.8,0.38,10,8.41,14.44,1.75785791755237,1.33500106673234,2.12942147398486,2.67000213346468,4.78749174278205,4.38202663467388,10
"Elliot_2006_i4B",TRUE,"Prey2",1,100,4,0.38,100,5.6,0.19,10,14.44,3.61,1.38629436111989,1.7227665977411,2.67000213346468,1.28370777234479,4.60517018598809,4.60517018598809,10
"Elliot_2006_i4B",TRUE,"Prey2",1,80,2.4,0.26,120,7.2,0.38,10,6.76,14.44,0.8754687373539,1.97408102602201,1.91102289005487,2.67000213346468,4.38202663467388,4.78749174278205,10
"Elliot_2006_i4B",TRUE,"Prey2",1,60,1.2,0.23,140,8.4,0.26,10,5.29,6.76,0.182321556793955,2.12823170584927,1.66581824587021,1.91102289005487,4.0943445622221,4.9416424226093,10
"Elliot_2006_i4B",TRUE,"Prey2",1,40,0.5,0.19,160,9.1,0.32,10,3.61,10.24,-0.693147180559945,2.2082744135228,1.28370777234479,2.32630161961136,3.68887945411394,5.07517381523383,10
"Elliot_2006_i4B",TRUE,"Prey2",1,20,0.1,0.12,180,9.5,0.58,10,1.44,33.64,-2.30258509299405,2.2512917986065,0.364643113587909,3.51571583510475,2.99573227355399,5.19295685089021,10
"Elliot_2006_i5",TRUE,"Prey1",1,20,0.3,0.18,180,15.3,0.71,10,3.24,50.41,-1.20397280432594,2.72785282839839,1.17557332980424,3.92018956809454,2.99573227355399,5.19295685089021,10
"Elliot_2006_i5",TRUE,"Prey1",1,40,1,0.17,160,14.6,0.69,10,2.89,47.61,0,2.68102152871429,1.06125650212434,3.86304282320643,3.68887945411394,5.07517381523383,10
"Elliot_2006_i5",TRUE,"Prey1",1,60,2.2,0.23,140,13.3,0.39,10,5.29,15.21,0.78845736036427,2.58776403522771,1.66581824587021,2.7219531062712,4.0943445622221,4.9416424226093,10
"Elliot_2006_i5",TRUE,"Prey1",1,80,4.1,0.36,120,11.7,0.46,10,12.96,21.16,1.41098697371026,2.45958884180371,2.56186769092413,3.0521126069901,4.38202663467388,4.78749174278205,10
"Elliot_2006_i5",TRUE,"Prey1",1,100,6.3,0.35,100,9.1,0.32,10,12.25,10.24,1.84054963339749,2.2082744135228,2.50552593699074,2.32630161961136,4.60517018598809,4.60517018598809,10
"Elliot_2006_i5",TRUE,"Prey1",1,120,8.9,0.32,80,6.4,0.31,10,10.24,9.61,2.18605127673809,1.85629799036563,2.32630161961136,2.2628042229822,4.78749174278205,4.38202663467388,10
"Elliot_2006_i5",TRUE,"Prey1",1,140,11.4,0.43,60,3.9,0.53,10,18.49,28.09,2.43361335540045,1.3609765531356,2.91723004539903,3.33541364111615,4.9416424226093,4.0943445622221,10
"Elliot_2006_i5",TRUE,"Prey1",1,160,13.4,0.35,40,1.8,0.29,10,12.25,8.41,2.59525470695687,0.587786664902119,2.50552593699074,2.12942147398486,5.07517381523383,3.68887945411394,10
"Elliot_2006_i5",TRUE,"Prey1",1,180,14.7,0.64,20,0.5,0.19,10,40.96,3.61,2.68784749378469,-0.693147180559945,3.71259598073125,1.28370777234479,5.19295685089021,2.99573227355399,10
"Elliot_2006_i5",TRUE,"Prey2",1,180,15.3,0.71,20,0.3,0.18,10,50.41,3.24,2.72785282839839,-1.20397280432594,3.92018956809454,1.17557332980424,5.19295685089021,2.99573227355399,10
"Elliot_2006_i5",TRUE,"Prey2",1,160,14.6,0.69,40,1,0.17,10,47.61,2.89,2.68102152871429,0,3.86304282320643,1.06125650212434,5.07517381523383,3.68887945411394,10
"Elliot_2006_i5",TRUE,"Prey2",1,140,13.3,0.39,60,2.2,0.23,10,15.21,5.29,2.58776403522771,0.78845736036427,2.7219531062712,1.66581824587021,4.9416424226093,4.0943445622221,10
"Elliot_2006_i5",TRUE,"Prey2",1,120,11.7,0.46,80,4.1,0.36,10,21.16,12.96,2.45958884180371,1.41098697371026,3.0521126069901,2.56186769092413,4.78749174278205,4.38202663467388,10
"Elliot_2006_i5",TRUE,"Prey2",1,100,9.1,0.32,100,6.3,0.35,10,10.24,12.25,2.2082744135228,1.84054963339749,2.32630161961136,2.50552593699074,4.60517018598809,4.60517018598809,10
"Elliot_2006_i5",TRUE,"Prey2",1,80,6.4,0.31,120,8.9,0.32,10,9.61,10.24,1.85629799036563,2.18605127673809,2.2628042229822,2.32630161961136,4.38202663467388,4.78749174278205,10
"Elliot_2006_i5",TRUE,"Prey2",1,60,3.9,0.53,140,11.4,0.43,10,28.09,18.49,1.3609765531356,2.43361335540045,3.33541364111615,2.91723004539903,4.0943445622221,4.9416424226093,10
"Elliot_2006_i5",TRUE,"Prey2",1,40,1.8,0.29,160,13.4,0.35,10,8.41,12.25,0.587786664902119,2.59525470695687,2.12942147398486,2.50552593699074,3.68887945411394,5.07517381523383,10
"Elliot_2006_i5",TRUE,"Prey2",1,20,0.5,0.19,180,14.7,0.64,10,3.61,40.96,-0.693147180559945,2.68784749378469,1.28370777234479,3.71259598073125,2.99573227355399,5.19295685089021,10
"Elliot_2006_i5B",TRUE,"Prey1",1,20,0.4,0.19,180,15.3,0.46,10,3.61,21.16,-0.916290731874155,2.72785282839839,1.28370777234479,3.0521126069901,2.99573227355399,5.19295685089021,10
"Elliot_2006_i5B",TRUE,"Prey1",1,40,1.7,0.18,160,14,0.97,10,3.24,94.09,0.53062825106217,2.63905732961526,1.17557332980424,4.54425177101867,3.68887945411394,5.07517381523383,10
"Elliot_2006_i5B",TRUE,"Prey1",1,60,4,0.38,140,11.8,0.41,10,14.44,16.81,1.38629436111989,2.46809953147162,2.67000213346468,2.82197394742052,4.0943445622221,4.9416424226093,10
"Elliot_2006_i5B",TRUE,"Prey1",1,80,6.9,0.32,120,8.9,0.44,10,10.24,19.36,1.93152141160321,2.18605127673809,2.32630161961136,2.96320908184843,4.38202663467388,4.78749174278205,10
"Elliot_2006_i5B",TRUE,"Prey1",1,100,9.9,0.4,100,5.9,0.27,10,16,7.29,2.29253475714054,1.77495235091167,2.77258872223978,1.98650354602057,4.60517018598809,4.60517018598809,10
"Elliot_2006_i5B",TRUE,"Prey1",1,120,12.5,0.67,80,3.5,0.39,10,44.89,15.21,2.52572864430826,1.25276296849537,3.80421505279384,2.7219531062712,4.78749174278205,4.38202663467388,10
"Elliot_2006_i5B",TRUE,"Prey1",1,140,14.3,0.57,60,1.7,0.18,10,32.49,3.24,2.66025953726586,0.53062825106217,3.48093234968101,1.17557332980424,4.9416424226093,4.0943445622221,10
"Elliot_2006_i5B",TRUE,"Prey1",1,160,15.3,0.79,40,0.7,0.24,10,62.41,5.76,2.72785282839839,-0.356674943938732,4.13372551894595,1.7509374747078,5.07517381523383,3.68887945411394,10
"Elliot_2006_i5B",TRUE,"Prey1",1,180,15.9,0.56,20,0.1,0.12,10,31.36,1.44,2.76631910922619,-2.30258509299405,3.44553319548221,0.364643113587909,5.19295685089021,2.99573227355399,10
"Elliot_2006_i5B",TRUE,"Prey2",1,180,15.3,0.46,20,0.4,0.19,10,21.16,3.61,2.72785282839839,-0.916290731874155,3.0521126069901,1.28370777234479,5.19295685089021,2.99573227355399,10
"Elliot_2006_i5B",TRUE,"Prey2",1,160,14,0.97,40,1.7,0.18,10,94.09,3.24,2.63905732961526,0.53062825106217,4.54425177101867,1.17557332980424,5.07517381523383,3.68887945411394,10
"Elliot_2006_i5B",TRUE,"Prey2",1,140,11.8,0.41,60,4,0.38,10,16.81,14.44,2.46809953147162,1.38629436111989,2.82197394742052,2.67000213346468,4.9416424226093,4.0943445622221,10
"Elliot_2006_i5B",TRUE,"Prey2",1,120,8.9,0.44,80,6.9,0.32,10,19.36,10.24,2.18605127673809,1.93152141160321,2.96320908184843,2.32630161961136,4.78749174278205,4.38202663467388,10
"Elliot_2006_i5B",TRUE,"Prey2",1,100,5.9,0.27,100,9.9,0.4,10,7.29,16,1.77495235091167,2.29253475714054,1.98650354602057,2.77258872223978,4.60517018598809,4.60517018598809,10
"Elliot_2006_i5B",TRUE,"Prey2",1,80,3.5,0.39,120,12.5,0.67,10,15.21,44.89,1.25276296849537,2.52572864430826,2.7219531062712,3.80421505279384,4.38202663467388,4.78749174278205,10
"Elliot_2006_i5B",TRUE,"Prey2",1,60,1.7,0.18,140,14.3,0.57,10,3.24,32.49,0.53062825106217,2.66025953726586,1.17557332980424,3.48093234968101,4.0943445622221,4.9416424226093,10
"Elliot_2006_i5B",TRUE,"Prey2",1,40,0.7,0.24,160,15.3,0.79,10,5.76,62.41,-0.356674943938732,2.72785282839839,1.7509374747078,4.13372551894595,3.68887945411394,5.07517381523383,10
"Elliot_2006_i5B",TRUE,"Prey2",1,20,0.1,0.12,180,15.9,0.56,10,1.44,31.36,-2.30258509299405,2.76631910922619,0.364643113587909,3.44553319548221,2.99573227355399,5.19295685089021,10
"Iyer_1996_Bc",FALSE,"Prey1",1,2,0.547,0.31,0,0,0,8,6.1504,0,-0.603306476560156,-Inf,1.81651712035378,-Inf,0.693147180559945,0,8
"Iyer_1996_Bc",FALSE,"Prey1",1,4,1.508,0.369,0,0,0,8,8.714304,0,0.410784269585764,-Inf,2.16496581347645,-Inf,1.38629436111989,0,8
"Iyer_1996_Bc",FALSE,"Prey1",1,8,2.2,0.682,0,0,0,8,29.767936,0,0.78845736036427,-Inf,3.39343184108232,-Inf,2.07944154167984,0,8
"Iyer_1996_Bc",FALSE,"Prey1",1,16,3.435,0.707,0,0,0,8,31.990336,0,1.23401692567431,-Inf,3.46543385718854,-Inf,2.77258872223978,0,8
"Iyer_1996_Bc",FALSE,"Prey1",1,32,4.11,0.343,0,0,0,8,7.529536,0,1.41342302850814,-Inf,2.01883341972728,-Inf,3.46573590279973,0,8
"Iyer_1996_Bc",FALSE,"Prey1",1,64,3.972,0.486,0,0,0,8,15.116544,0,1.37926974618293,-Inf,2.71578977319639,-Inf,4.15888308335967,0,8
"Iyer_1996_Bc",FALSE,"Prey1",1,128,4.612,0.587,0,0,0,8,22.052416,0,1.52866160240681,-Inf,3.09342216505159,-Inf,4.85203026391962,0,8
"Iyer_1996_Bc",FALSE,"Prey1",1,256,4.974,0.713,0,0,0,8,32.535616,0,1.60422434538121,-Inf,3.48233536622399,-Inf,5.54517744447956,0,8
"Iyer_1996_Bc",FALSE,"Prey1",1,2,0.217,0.034,2,0.002,0.003,8,0.073984,0.000576,-1.52785792544168,-6.21460809842219,-2.60390642537228,-7.45940289726838,0.693147180559945,0.693147180559945,8
"Iyer_1996_Bc",FALSE,"Prey1",1,4,1.665,0.252,4,0.131,0.35,8,4.064256,7.84,0.509825123432407,-2.03255795578099,1.40223070041824,2.05923883436232,1.38629436111989,1.38629436111989,8
"Iyer_1996_Bc",FALSE,"Prey1",1,8,3.165,0.391,8,0.003,0.004,8,9.784384,0.001024,1.15215305559614,-5.80914299031403,2.28078764536613,-6.88403875236482,2.07944154167984,2.07944154167984,8
"Iyer_1996_Bc",FALSE,"Prey1",1,16,3.362,0.43,16,0.14,0.38,8,11.8336,9.2416,1.21253603498642,-1.96611285637283,2.47094294277061,2.22371503083626,2.77258872223978,2.77258872223978,8
"Iyer_1996_Bc",FALSE,"Prey1",1,32,5.814,0.629,32,0,0.083,8,25.321024,0.440896,1.76026880213668,-Inf,3.23163503879628,-0.818946259011406,3.46573590279973,3.46573590279973,8
"Iyer_1996_Bc",FALSE,"Prey1",1,64,6.55,0.675,64,0.142,0.345,8,29.16,7.6176,1.87946504964716,-1.95192822138088,3.37279790714046,2.03046135945812,4.15888308335967,4.15888308335967,8
"Iyer_1996_Bc",FALSE,"Prey1",1,128,5.901,0.708,128,0.311,0.751,8,32.080896,36.096064,1.77512182807503,-1.1679623668029,3.46826071278284,3.58618382892367,4.85203026391962,4.85203026391962,8
"Iyer_1996_Bc",FALSE,"Prey1",1,256,8.095,0.722,256,0.424,0.549,8,33.362176,19.289664,2.0912465871296,-0.858021823750179,3.50742280318105,2.95956940841446,5.54517744447956,5.54517744447956,8
"Iyer_1996_Bc",FALSE,"Prey2",1,2,0.33,0.342,0,0,0,8,7.485696,0,-1.10866262452161,-Inf,2.01299399952061,-Inf,0.693147180559945,0,8
"Iyer_1996_Bc",FALSE,"Prey2",1,4,0.388,0.247,0,0,0,8,3.904576,0,-0.946749939358864,-Inf,1.36214919865135,-Inf,1.38629436111989,0,8
"Iyer_1996_Bc",FALSE,"Prey2",1,8,0.246,0.167,0,0,0,8,1.784896,0,-1.40242374304977,-Inf,0.579360150228908,-Inf,2.07944154167984,0,8
"Iyer_1996_Bc",FALSE,"Prey2",1,16,0.367,0.199,0,0,0,8,2.534464,0,-1.00239343092757,-Inf,0.929982174844383,-Inf,2.77258872223978,0,8
"Iyer_1996_Bc",FALSE,"Prey2",1,32,1.009,0.883,0,0,0,8,49.900096,0,0.0089597413714718,-Inf,3.91002292660332,-Inf,3.46573590279973,0,8
"Iyer_1996_Bc",FALSE,"Prey2",1,64,0.883,0.597,0,0,0,8,22.810176,0,-0.124430078378177,-Inf,3.1272067521806,-Inf,4.15888308335967,0,8
"Iyer_1996_Bc",FALSE,"Prey2",1,128,0.905,0.291,0,0,0,8,5.419584,0,-0.0998203352822109,-Inf,1.69001905973838,-Inf,4.85203026391962,0,8
"Iyer_1996_Bc",FALSE,"Prey2",1,256,1.174,0.362,0,0,0,8,8.386816,0,0.160416721405905,-Inf,2.12666094904694,-Inf,5.54517744447956,0,8
"Iyer_1996_Bc",FALSE,"Prey2",1,2,0.002,0.003,2,0.217,0.034,8,0.000576,0.073984,-6.21460809842219,-1.52785792544168,-7.45940289726838,-2.60390642537228,0.693147180559945,0.693147180559945,8
"Iyer_1996_Bc",FALSE,"Prey2",1,4,0.131,0.35,4,1.665,0.252,8,7.84,4.064256,-2.03255795578099,0.509825123432407,2.05923883436232,1.40223070041824,1.38629436111989,1.38629436111989,8
"Iyer_1996_Bc",FALSE,"Prey2",1,8,0.003,0.004,8,3.165,0.391,8,0.001024,9.784384,-5.80914299031403,1.15215305559614,-6.88403875236482,2.28078764536613,2.07944154167984,2.07944154167984,8
"Iyer_1996_Bc",FALSE,"Prey2",1,16,0.14,0.38,16,3.362,0.43,8,9.2416,11.8336,-1.96611285637283,1.21253603498642,2.22371503083626,2.47094294277061,2.77258872223978,2.77258872223978,8
"Iyer_1996_Bc",FALSE,"Prey2",1,64,0.142,0.345,64,6.55,0.675,8,7.6176,29.16,-1.95192822138088,1.87946504964716,2.03046135945812,3.37279790714046,4.15888308335967,4.15888308335967,8
"Iyer_1996_Bc",FALSE,"Prey2",1,128,0.311,0.751,128,5.901,0.708,8,36.096064,32.080896,-1.1679623668029,1.77512182807503,3.58618382892367,3.46826071278284,4.85203026391962,4.85203026391962,8
"Iyer_1996_Bc",FALSE,"Prey2",1,256,0.424,0.549,256,8.095,0.722,8,19.289664,33.362176,-0.858021823750179,2.0912465871296,2.95956940841446,3.50742280318105,5.54517744447956,5.54517744447956,8
"Iyer_1996_Bp",FALSE,"Prey1",1,2,0.632,0.193,0,0,0,8,2.383936,0,-0.45886588483528,-Inf,0.868752903205169,-Inf,0.693147180559945,0,8
"Iyer_1996_Bp",FALSE,"Prey1",1,4,0.649,0.228,0,0,0,8,3.326976,0,-0.432322562278047,-Inf,1.20206378330428,-Inf,1.38629436111989,0,8
"Iyer_1996_Bp",FALSE,"Prey1",1,8,1.035,0.263,0,0,0,8,4.426816,0,0.0344014267173323,-Inf,1.48768058975093,-Inf,2.07944154167984,0,8
"Iyer_1996_Bp",FALSE,"Prey1",1,16,2.509,0.351,0,0,0,8,7.884864,0,0.919884267384285,-Inf,2.06494497232713,-Inf,2.77258872223978,0,8
"Iyer_1996_Bp",FALSE,"Prey1",1,32,2.509,0.509,0,0,0,8,16.581184,0,0.919884267384285,-Inf,2.80826855849644,-Inf,3.46573590279973,0,8
"Iyer_1996_Bp",FALSE,"Prey1",1,64,3.281,0.404,0,0,0,8,10.445824,0,1.18814825397896,-Inf,2.3462022813177,-Inf,4.15888308335967,0,8
"Iyer_1996_Bp",FALSE,"Prey1",1,128,3.895,0.404,0,0,0,8,10.445824,0,1.35969367932271,-Inf,2.3462022813177,-Inf,4.85203026391962,0,8
"Iyer_1996_Bp",FALSE,"Prey1",1,256,2.123,0.526,0,0,0,8,17.707264,0,0.752830182721119,-Inf,2.87397495087082,-Inf,5.54517744447956,0,8
"Iyer_1996_Bp",FALSE,"Prey1",1,2,0.241,0.462,2,0.107,0.133,8,13.660416,1.132096,-1.42295834549148,-2.23492644452023,2.61450230755888,0.124070781838905,0.693147180559945,0.693147180559945,8
"Iyer_1996_Bp",FALSE,"Prey1",1,8,0.12,0.341,8,0.215,0.172,8,7.441984,1.893376,-2.12026353620009,-1.53711725085447,2.00713747996243,0.638361479022304,2.07944154167984,2.07944154167984,8
"Iyer_1996_Bp",FALSE,"Prey1",1,16,0.743,0.422,16,0.218,0.173,8,11.397376,1.915456,-0.297059234264378,-1.52326021619305,2.43338315346742,0.649955714390956,2.77258872223978,2.77258872223978,8
"Iyer_1996_Bp",FALSE,"Prey1",1,32,1.245,0.341,32,1.227,0.311,8,7.441984,6.190144,0.219135529916671,0.204572165728774,2.00713747996243,1.82295834975387,3.46573590279973,3.46573590279973,8
"Iyer_1996_Bp",FALSE,"Prey1",1,64,1.406,0.442,64,1.394,0.483,8,12.503296,14.930496,0.340748793388473,0.332177312338332,2.52599228955079,2.70340583270054,4.15888308335967,4.15888308335967,8
"Iyer_1996_Bp",FALSE,"Prey1",1,128,2.61,0.482,128,2.272,0.496,8,14.868736,15.745024,0.959350221334602,0.820660500858905,2.6992607534966,2.75652437884525,4.85203026391962,4.85203026391962,8
"Iyer_1996_Bp",FALSE,"Prey1",1,256,4.096,0.924,256,2.177,0.749,8,54.641664,35.904064,1.41001088773721,0.77794778225241,4.00079666867877,3.58085049242984,5.54517744447956,5.54517744447956,8
"Iyer_1996_Bp",FALSE,"Prey2",1,2,0.33,0.342,0,0,0,8,7.485696,0,-1.10866262452161,-Inf,2.01299399952061,-Inf,0.693147180559945,0,8
"Iyer_1996_Bp",FALSE,"Prey2",1,4,0.388,0.247,0,0,0,8,3.904576,0,-0.946749939358864,-Inf,1.36214919865135,-Inf,1.38629436111989,0,8
"Iyer_1996_Bp",FALSE,"Prey2",1,8,0.246,0.167,0,0,0,8,1.784896,0,-1.40242374304977,-Inf,0.579360150228908,-Inf,2.07944154167984,0,8
"Iyer_1996_Bp",FALSE,"Prey2",1,16,0.367,0.199,0,0,0,8,2.534464,0,-1.00239343092757,-Inf,0.929982174844383,-Inf,2.77258872223978,0,8
"Iyer_1996_Bp",FALSE,"Prey2",1,32,1.009,0.883,0,0,0,8,49.900096,0,0.0089597413714718,-Inf,3.91002292660332,-Inf,3.46573590279973,0,8
"Iyer_1996_Bp",FALSE,"Prey2",1,64,0.883,0.597,0,0,0,8,22.810176,0,-0.124430078378177,-Inf,3.1272067521806,-Inf,4.15888308335967,0,8
"Iyer_1996_Bp",FALSE,"Prey2",1,128,0.905,0.291,0,0,0,8,5.419584,0,-0.0998203352822109,-Inf,1.69001905973838,-Inf,4.85203026391962,0,8
"Iyer_1996_Bp",FALSE,"Prey2",1,256,1.174,0.362,0,0,0,8,8.386816,0,0.160416721405905,-Inf,2.12666094904694,-Inf,5.54517744447956,0,8
"Iyer_1996_Bp",FALSE,"Prey2",1,2,0.107,0.133,2,0.241,0.462,8,1.132096,13.660416,-2.23492644452023,-1.42295834549148,0.124070781838905,2.61450230755888,0.693147180559945,0.693147180559945,8
"Iyer_1996_Bp",FALSE,"Prey2",1,4,0.101,0.138,4,0.02,0,8,1.218816,0,-2.29263476214088,-3.91202300542815,0.197879895709807,-Inf,1.38629436111989,1.38629436111989,8
"Iyer_1996_Bp",FALSE,"Prey2",1,8,0.215,0.172,8,0.12,0.341,8,1.893376,7.441984,-1.53711725085447,-2.12026353620009,0.638361479022304,2.00713747996243,2.07944154167984,2.07944154167984,8
"Iyer_1996_Bp",FALSE,"Prey2",1,16,0.218,0.173,16,0.743,0.422,8,1.915456,11.397376,-1.52326021619305,-0.297059234264378,0.649955714390956,2.43338315346742,2.77258872223978,2.77258872223978,8
"Iyer_1996_Bp",FALSE,"Prey2",1,32,1.227,0.311,32,1.245,0.341,8,6.190144,7.441984,0.204572165728774,0.219135529916671,1.82295834975387,2.00713747996243,3.46573590279973,3.46573590279973,8
"Iyer_1996_Bp",FALSE,"Prey2",1,64,1.394,0.483,64,1.406,0.442,8,14.930496,12.503296,0.332177312338332,0.340748793388473,2.70340583270054,2.52599228955079,4.15888308335967,4.15888308335967,8
"Iyer_1996_Bp",FALSE,"Prey2",1,128,2.272,0.496,128,2.61,0.482,8,15.745024,14.868736,0.820660500858905,0.959350221334602,2.75652437884525,2.6992607534966,4.85203026391962,4.85203026391962,8
"Iyer_1996_Bp",FALSE,"Prey2",1,256,2.177,0.749,256,4.096,0.924,8,35.904064,54.641664,0.77794778225241,1.41001088773721,3.58085049242984,4.00079666867877,5.54517744447956,5.54517744447956,8
"Iyer_1996_Br",FALSE,"Prey1",1,2,1.282,0.401,0,0,0,8,10.291264,0,0.248421358498478,-Inf,2.33129538000854,-Inf,0.693147180559945,0,8
"Iyer_1996_Br",FALSE,"Prey1",1,4,2.161,0.511,0,0,0,8,16.711744,0,0.770571077524749,-Inf,2.81611170580281,-Inf,1.38629436111989,0,8
"Iyer_1996_Br",FALSE,"Prey1",1,8,2.308,0.876,0,0,0,8,49.112064,0,0.836381348645853,-Inf,3.89410470726818,-Inf,2.07944154167984,0,8
"Iyer_1996_Br",FALSE,"Prey1",1,16,3.443,0.839,0,0,0,8,45.050944,0,1.23634318435639,-Inf,3.80779393832981,-Inf,2.77258872223978,0,8
"Iyer_1996_Br",FALSE,"Prey1",1,32,6.19,1.095,0,0,0,8,76.7376,0,1.8229350866965,-Inf,4.3403918098966,-Inf,3.46573590279973,0,8
"Iyer_1996_Br",FALSE,"Prey1",1,64,7.656,2.19,0,0,0,8,306.9504,0,2.03548965415065,-Inf,5.72668617101649,-Inf,4.15888308335967,0,8
"Iyer_1996_Br",FALSE,"Prey1",1,128,8.022,2.044,0,0,0,8,267.387904,0,2.08218776734786,-Inf,5.58870042804259,-Inf,4.85203026391962,0,8
"Iyer_1996_Br",FALSE,"Prey1",1,256,6.923,0.985,0,0,0,8,62.0944,0,1.93484920169589,-Inf,4.12865580773958,-Inf,5.54517744447956,0,8
"Iyer_1996_Br",FALSE,"Prey1",1,2,0.131,0.197,2,0.108,0.161,8,2.483776,1.658944,-2.03255795578099,-2.22562405185792,0.909779982871375,0.506181255364324,0.693147180559945,0.693147180559945,8
"Iyer_1996_Br",FALSE,"Prey1",1,4,0.613,0.263,4,0.121,0.143,8,4.426816,1.308736,-0.489390343045926,-2.1119647333854,1.48768058975093,0.269061785915212,1.38629436111989,1.38629436111989,8
"Iyer_1996_Br",FALSE,"Prey1",1,8,1.204,0.438,8,0.661,0.224,8,12.278016,3.211264,0.185649346886629,-0.414001439130451,2.50781034614829,1.16666462910548,2.07944154167984,2.07944154167984,8
"Iyer_1996_Br",FALSE,"Prey1",1,16,2.299,0.438,16,1.213,0.53,8,12.278016,17.9776,0.832474245781044,0.193096629961913,2.50781034614829,2.88912653848773,2.77258872223978,2.77258872223978,8
"Iyer_1996_Br",FALSE,"Prey1",1,32,3.788,0.482,32,2.159,1.099,8,14.868736,77.299264,1.33183817532383,0.76964515153267,2.6992607534966,4.34768443420264,3.46573590279973,3.46573590279973,8
"Iyer_1996_Br",FALSE,"Prey1",1,64,2.474,0.81,64,0.64,0.268,8,41.9904,4.596736,0.905836273970296,-0.446287102628419,3.73744102072837,1.52534648641711,4.15888308335967,4.15888308335967,8
"Iyer_1996_Br",FALSE,"Prey1",1,128,4.007,0.526,128,1.956,0.489,8,17.707264,15.303744,1.38804283165401,0.670901571612626,2.87397495087082,2.72809750434514,4.85203026391962,4.85203026391962,8
"Iyer_1996_Br",FALSE,"Prey1",1,256,4.818,0.964,256,3.939,1.379,8,59.474944,121.705024,1.57235890419268,1.37092688398877,4.08555511461649,4.801600280982,5.54517744447956,5.54517744447956,8
"Iyer_1996_Br",FALSE,"Prey2",1,2,0.33,0.342,0,0,0,8,7.485696,0,-1.10866262452161,-Inf,2.01299399952061,-Inf,0.693147180559945,0,8
"Iyer_1996_Br",FALSE,"Prey2",1,4,0.388,0.247,0,0,0,8,3.904576,0,-0.946749939358864,-Inf,1.36214919865135,-Inf,1.38629436111989,0,8
"Iyer_1996_Br",FALSE,"Prey2",1,8,0.246,0.167,0,0,0,8,1.784896,0,-1.40242374304977,-Inf,0.579360150228908,-Inf,2.07944154167984,0,8
"Iyer_1996_Br",FALSE,"Prey2",1,16,0.367,0.199,0,0,0,8,2.534464,0,-1.00239343092757,-Inf,0.929982174844383,-Inf,2.77258872223978,0,8
"Iyer_1996_Br",FALSE,"Prey2",1,32,1.009,0.883,0,0,0,8,49.900096,0,0.0089597413714718,-Inf,3.91002292660332,-Inf,3.46573590279973,0,8
"Iyer_1996_Br",FALSE,"Prey2",1,64,0.883,0.597,0,0,0,8,22.810176,0,-0.124430078378177,-Inf,3.1272067521806,-Inf,4.15888308335967,0,8
"Iyer_1996_Br",FALSE,"Prey2",1,128,0.905,0.291,0,0,0,8,5.419584,0,-0.0998203352822109,-Inf,1.69001905973838,-Inf,4.85203026391962,0,8
"Iyer_1996_Br",FALSE,"Prey2",1,256,1.174,0.362,0,0,0,8,8.386816,0,0.160416721405905,-Inf,2.12666094904694,-Inf,5.54517744447956,0,8
"Iyer_1996_Br",FALSE,"Prey2",1,2,0.108,0.161,2,0.131,0.197,8,1.658944,2.483776,-2.22562405185792,-2.03255795578099,0.506181255364324,0.909779982871375,0.693147180559945,0.693147180559945,8
"Iyer_1996_Br",FALSE,"Prey2",1,4,0.121,0.143,4,0.613,0.263,8,1.308736,4.426816,-2.1119647333854,-0.489390343045926,0.269061785915212,1.48768058975093,1.38629436111989,1.38629436111989,8
"Iyer_1996_Br",FALSE,"Prey2",1,8,0.661,0.224,8,1.204,0.438,8,3.211264,12.278016,-0.414001439130451,0.185649346886629,1.16666462910548,2.50781034614829,2.07944154167984,2.07944154167984,8
"Iyer_1996_Br",FALSE,"Prey2",1,16,1.213,0.53,16,2.299,0.438,8,17.9776,12.278016,0.193096629961913,0.832474245781044,2.88912653848773,2.50781034614829,2.77258872223978,2.77258872223978,8
"Iyer_1996_Br",FALSE,"Prey2",1,32,2.159,1.099,32,3.788,0.482,8,77.299264,14.868736,0.76964515153267,1.33183817532383,4.34768443420264,2.6992607534966,3.46573590279973,3.46573590279973,8
"Iyer_1996_Br",FALSE,"Prey2",1,64,0.64,0.268,64,2.474,0.81,8,4.596736,41.9904,-0.446287102628419,0.905836273970296,1.52534648641711,3.73744102072837,4.15888308335967,4.15888308335967,8
"Iyer_1996_Br",FALSE,"Prey2",1,128,1.956,0.489,128,4.007,0.526,8,15.303744,17.707264,0.670901571612626,1.38804283165401,2.72809750434514,2.87397495087082,4.85203026391962,4.85203026391962,8
"Iyer_1996_Br",FALSE,"Prey2",1,256,3.939,1.379,256,4.818,0.964,8,121.705024,59.474944,1.37092688398877,1.57235890419268,4.801600280982,4.08555511461649,5.54517744447956,5.54517744447956,8
"Kalinkat_2011_C",TRUE,"Prey1",1,1,0.333333333333333,0.086066296582387,29,7.33333333333333,0.807373427759331,6,0.266666666666667,23.4666666666667,-1.09861228866811,1.99243016469021,-1.32175583998232,3.15558097449589,0,3.36729582998647,6
"Kalinkat_2011_C",TRUE,"Prey1",1,10,1.16666666666667,0.0680413817439772,20,1.33333333333333,0.389681731483337,6,0.166666666666667,5.46666666666667,0.154150679827258,0.287682072451781,-1.79175946922805,1.69866904616204,2.30258509299405,2.99573227355399,6
"Kalinkat_2011_C",TRUE,"Prey1",1,20,1.33333333333333,0.086066296582387,10,0.666666666666667,0.172132593164774,6,0.266666666666667,1.06666666666667,0.287682072451781,-0.405465108108164,-1.32175583998232,0.0645385211375712,2.99573227355399,2.30258509299405,6
"Kalinkat_2011_C",TRUE,"Prey1",1,25,1.33333333333333,0.086066296582387,5,0.5,0.139443337755679,6,0.266666666666667,0.7,0.287682072451781,-0.693147180559945,-1.32175583998232,-0.356674943938732,3.2188758248682,1.6094379124341,6
"Kalinkat_2011_C",TRUE,"Prey1",1,27,1.28571428571429,0.0697071480677524,3,0.428571428571429,0.0763603548321213,7,0.238095238095238,0.285714285714286,0.251314428280906,-0.847297860387204,-1.43508452528932,-1.25276296849537,3.29583686600433,1.09861228866811,7
"Kalinkat_2011_C",TRUE,"Prey1",1,29,1.5,0.0912870929175277,1,0,0,6,0.3,0,0.405465108108164,-Inf,-1.20397280432594,-Inf,3.36729582998647,0,6
"Kalinkat_2011_C",TRUE,"Prey1",1,3,0.5,0.0912870929175277,27,4.5,0.390867979985286,6,0.3,5.5,-0.693147180559945,1.50407739677627,-1.20397280432594,1.70474809223843,1.09861228866811,3.29583686600433,6
"Kalinkat_2011_C",TRUE,"Prey1",1,5,0.666666666666667,0.086066296582387,25,3.66666666666667,0.479196858952174,6,0.266666666666667,8.26666666666667,-0.405465108108164,1.29928298413026,-1.32175583998232,2.11223136450283,1.6094379124341,3.2188758248682,6
"Kalinkat_2011_C",TRUE,"Prey2",1,29,7.33333333333333,0.807373427759331,1,0.333333333333333,0.086066296582387,6,23.4666666666667,0.266666666666667,1.99243016469021,-1.09861228866811,3.15558097449589,-1.32175583998232,3.36729582998647,0,6
"Kalinkat_2011_C",TRUE,"Prey2",1,20,1.33333333333333,0.389681731483337,10,1.16666666666667,0.0680413817439772,6,5.46666666666667,0.166666666666667,0.287682072451781,0.154150679827258,1.69866904616204,-1.79175946922805,2.99573227355399,2.30258509299405,6
"Kalinkat_2011_C",TRUE,"Prey2",1,10,0.666666666666667,0.172132593164774,20,1.33333333333333,0.086066296582387,6,1.06666666666667,0.266666666666667,-0.405465108108164,0.287682072451781,0.0645385211375712,-1.32175583998232,2.30258509299405,2.99573227355399,6
"Kalinkat_2011_C",TRUE,"Prey2",1,5,0.5,0.139443337755679,25,1.33333333333333,0.086066296582387,6,0.7,0.266666666666667,-0.693147180559945,0.287682072451781,-0.356674943938732,-1.32175583998232,1.6094379124341,3.2188758248682,6
"Kalinkat_2011_C",TRUE,"Prey2",1,3,0.428571428571429,0.0763603548321213,27,1.28571428571429,0.0697071480677524,7,0.285714285714286,0.238095238095238,-0.847297860387204,0.251314428280906,-1.25276296849537,-1.43508452528932,1.09861228866811,3.29583686600433,7
"Kalinkat_2011_C",TRUE,"Prey2",1,27,4.5,0.390867979985286,3,0.5,0.0912870929175277,6,5.5,0.3,1.50407739677627,-0.693147180559945,1.70474809223843,-1.20397280432594,3.29583686600433,1.09861228866811,6
"Kalinkat_2011_C",TRUE,"Prey2",1,25,3.66666666666667,0.479196858952174,5,0.666666666666667,0.086066296582387,6,8.26666666666667,0.266666666666667,1.29928298413026,-0.405465108108164,2.11223136450283,-1.32175583998232,3.2188758248682,1.6094379124341,6
"Kalinkat_2011_H",TRUE,"Prey1",1,1,0.833333333333333,0.0680413817439772,29,1.16666666666667,0.194840865741669,6,0.166666666666667,1.36666666666667,-0.182321556793955,0.154150679827258,-1.79175946922805,0.312374685042152,0,3.36729582998647,6
"Kalinkat_2011_H",TRUE,"Prey1",1,10,2,0.105409255338946,20,0.5,0.0912870929175277,6,0.4,0.3,0.693147180559945,-0.693147180559945,-0.916290731874155,-1.20397280432594,2.30258509299405,2.99573227355399,6
"Kalinkat_2011_H",TRUE,"Prey1",1,20,3.5,0.22973414586817,10,0.166666666666667,0.0680413817439772,6,1.9,0.166666666666667,1.25276296849537,-1.79175946922805,0.641853886172395,-1.79175946922805,2.99573227355399,2.30258509299405,6
"Kalinkat_2011_H",TRUE,"Prey1",1,25,3.5,0.22973414586817,5,0,0,6,1.9,0,1.25276296849537,-Inf,0.641853886172395,-Inf,3.2188758248682,1.6094379124341,6
"Kalinkat_2011_H",TRUE,"Prey1",1,27,2.66666666666667,0.201843356939833,3,0.166666666666667,0.0680413817439772,6,1.46666666666667,0.166666666666667,0.980829253011726,-1.79175946922805,0.382992252256106,-1.79175946922805,3.29583686600433,1.09861228866811,6
"Kalinkat_2011_H",TRUE,"Prey1",1,29,3.33333333333333,0.172132593164774,1,0.166666666666667,0.0680413817439772,6,1.06666666666667,0.166666666666667,1.20397280432594,-1.79175946922805,0.0645385211375712,-1.79175946922805,3.36729582998647,0,6
"Kalinkat_2011_H",TRUE,"Prey1",1,3,1.83333333333333,0.221526689304188,27,0.666666666666667,0.136082763487954,6,1.76666666666667,0.666666666666667,0.606135803570315,-0.405465108108164,0.569094531889966,-0.405465108108164,1.09861228866811,3.29583686600433,6
"Kalinkat_2011_H",TRUE,"Prey1",1,5,2.66666666666667,0.172132593164774,25,2.66666666666667,0.51279914485397,6,1.06666666666667,9.46666666666667,0.980829253011726,0.980829253011726,0.0645385211375712,2.24777685649905,1.6094379124341,3.2188758248682,6
"Kalinkat_2011_H",TRUE,"Prey2",1,29,1.16666666666667,0.194840865741669,1,0.833333333333333,0.0680413817439772,6,1.36666666666667,0.166666666666667,0.154150679827258,-0.182321556793955,0.312374685042152,-1.79175946922805,3.36729582998647,0,6
"Kalinkat_2011_H",TRUE,"Prey2",1,20,0.5,0.0912870929175277,10,2,0.105409255338946,6,0.3,0.4,-0.693147180559945,0.693147180559945,-1.20397280432594,-0.916290731874155,2.99573227355399,2.30258509299405,6
"Kalinkat_2011_H",TRUE,"Prey2",1,10,0.166666666666667,0.0680413817439772,20,3.5,0.22973414586817,6,0.166666666666667,1.9,-1.79175946922805,1.25276296849537,-1.79175946922805,0.641853886172395,2.30258509299405,2.99573227355399,6
"Kalinkat_2011_H",TRUE,"Prey2",1,3,0.166666666666667,0.0680413817439772,27,2.66666666666667,0.201843356939833,6,0.166666666666667,1.46666666666667,-1.79175946922805,0.980829253011726,-1.79175946922805,0.382992252256106,1.09861228866811,3.29583686600433,6
"Kalinkat_2011_H",TRUE,"Prey2",1,1,0.166666666666667,0.0680413817439772,29,3.33333333333333,0.172132593164774,6,0.166666666666667,1.06666666666667,-1.79175946922805,1.20397280432594,-1.79175946922805,0.0645385211375712,0,3.36729582998647,6
"Kalinkat_2011_H",TRUE,"Prey2",1,27,0.666666666666667,0.136082763487954,3,1.83333333333333,0.221526689304188,6,0.666666666666667,1.76666666666667,-0.405465108108164,0.606135803570315,-0.405465108108164,0.569094531889966,3.29583686600433,1.09861228866811,6
"Kalinkat_2011_H",TRUE,"Prey2",1,25,2.66666666666667,0.51279914485397,5,2.66666666666667,0.172132593164774,6,9.46666666666667,1.06666666666667,0.980829253011726,0.980829253011726,2.24777685649905,0.0645385211375712,3.2188758248682,1.6094379124341,6
"Kalinkat_2011_P",TRUE,"Prey1",1,1,0.166666666666667,0.0680413817439772,29,13.6666666666667,1.08354698747866,6,0.166666666666667,42.2666666666667,-1.79175946922805,2.6149597780362,-1.79175946922805,3.74399875333502,0,3.36729582998647,6
"Kalinkat_2011_P",TRUE,"Prey1",1,12,9.25,0.197642353760524,18,3.25,0.345571472863636,8,2.5,7.64285714285714,2.22462355152433,1.17865499634165,0.916290731874155,2.03377150484665,2.484906649788,2.89037175789616,8
"Kalinkat_2011_P",TRUE,"Prey1",1,18,9.5,0.3659625273557,12,1.25,0.186005952285711,8,8.57142857142857,2.21428571428571,2.2512917986065,0.22314355131421,2.14843441316679,0.794929874869888,2.89037175789616,2.484906649788,8
"Kalinkat_2011_P",TRUE,"Prey1",1,2,0.857142857142857,0.0985807941917649,28,11.7142857142857,1.13603405415772,7,0.476190476190476,63.2380952380952,-0.154150679827258,2.46080909820894,-0.741937344729377,4.14690689231296,0.693147180559945,3.3322045101752,7
"Kalinkat_2011_P",TRUE,"Prey1",1,24,10.25,0.52077380612206,6,0.625,0.132582521472478,8,17.3571428571429,1.125,2.32727770558442,-0.470003629245736,2.85400411372529,0.117783035656383,3.17805383034795,1.79175946922805,8
"Kalinkat_2011_P",TRUE,"Prey1",1,26,3.83333333333333,0.47628967220784,4,0.833333333333333,0.194840865741669,6,8.16666666666667,1.36666666666667,1.34373474670109,-0.182321556793955,2.10006082888257,0.312374685042152,3.25809653802148,1.38629436111989,6
"Kalinkat_2011_P",TRUE,"Prey1",1,28,2.66666666666667,0.310316445417088,2,0.333333333333333,0.086066296582387,6,3.46666666666667,0.266666666666667,0.980829253011726,-1.09861228866811,1.24319351747922,-1.32175583998232,3.3322045101752,0.693147180559945,6
"Kalinkat_2011_P",TRUE,"Prey1",1,29,4,0.233284737407922,1,0.428571428571429,0.0763603548321213,7,2.66666666666667,0.285714285714286,1.38629436111989,-0.847297860387204,0.980829253011726,-1.25276296849537,3.36729582998647,0,7
"Kalinkat_2011_P",TRUE,"Prey1",1,4,2.66666666666667,0.086066296582387,26,4,0.823272602348565,6,0.266666666666667,24.4,0.980829253011726,1.38629436111989,-1.32175583998232,3.19458313229916,1.38629436111989,3.25809653802148,6
"Kalinkat_2011_P",TRUE,"Prey1",1,6,4.5,0.200445931434318,24,6.25,0.52077380612206,8,2.57142857142857,17.3571428571429,1.50407739677627,1.83258146374831,0.944461608840852,2.85400411372529,1.79175946922805,3.17805383034795,8
"Kalinkat_2011_P",TRUE,"Prey2",1,29,13.6666666666667,1.08354698747866,1,0.166666666666667,0.0680413817439772,6,42.2666666666667,0.166666666666667,2.6149597780362,-1.79175946922805,3.74399875333502,-1.79175946922805,3.36729582998647,0,6
"Kalinkat_2011_P",TRUE,"Prey2",1,18,3.25,0.345571472863636,12,9.25,0.197642353760524,8,7.64285714285714,2.5,1.17865499634165,2.22462355152433,2.03377150484665,0.916290731874155,2.89037175789616,2.484906649788,8
"Kalinkat_2011_P",TRUE,"Prey2",1,12,1.25,0.186005952285711,18,9.5,0.3659625273557,8,2.21428571428571,8.57142857142857,0.22314355131421,2.2512917986065,0.794929874869888,2.14843441316679,2.484906649788,2.89037175789616,8
"Kalinkat_2011_P",TRUE,"Prey2",1,28,11.7142857142857,1.13603405415772,2,0.857142857142857,0.0985807941917649,7,63.2380952380952,0.476190476190476,2.46080909820894,-0.154150679827258,4.14690689231296,-0.741937344729377,3.3322045101752,0.693147180559945,7
"Kalinkat_2011_P",TRUE,"Prey2",1,6,0.625,0.132582521472478,24,10.25,0.52077380612206,8,1.125,17.3571428571429,-0.470003629245736,2.32727770558442,0.117783035656383,2.85400411372529,1.79175946922805,3.17805383034795,8
"Kalinkat_2011_P",TRUE,"Prey2",1,4,0.833333333333333,0.194840865741669,26,3.83333333333333,0.47628967220784,6,1.36666666666667,8.16666666666667,-0.182321556793955,1.34373474670109,0.312374685042152,2.10006082888257,1.38629436111989,3.25809653802148,6
"Kalinkat_2011_P",TRUE,"Prey2",1,2,0.333333333333333,0.086066296582387,28,2.66666666666667,0.310316445417088,6,0.266666666666667,3.46666666666667,-1.09861228866811,0.980829253011726,-1.32175583998232,1.24319351747922,0.693147180559945,3.3322045101752,6
"Kalinkat_2011_P",TRUE,"Prey2",1,1,0.428571428571429,0.0763603548321213,29,4,0.233284737407922,7,0.285714285714286,2.66666666666667,-0.847297860387204,1.38629436111989,-1.25276296849537,0.980829253011726,0,3.36729582998647,7
"Kalinkat_2011_P",TRUE,"Prey2",1,26,4,0.823272602348565,4,2.66666666666667,0.086066296582387,6,24.4,0.266666666666667,1.38629436111989,0.980829253011726,3.19458313229916,-1.32175583998232,3.25809653802148,1.38629436111989,6
"Kalinkat_2011_P",TRUE,"Prey2",1,24,6.25,0.52077380612206,6,4.5,0.200445931434318,8,17.3571428571429,2.57142857142857,1.83258146374831,1.50407739677627,2.85400411372529,0.944461608840852,3.17805383034795,1.79175946922805,8
"Kalinkat_2011_T",TRUE,"Prey1",1,1,0.416666666666667,0.0429107208787031,29,5.25,0.312057767897309,12,0.265151515151515,14.0227272727273,-0.8754687373539,1.65822807660353,-1.32745386109696,2.64067938998713,0,3.36729582998647,12
"Kalinkat_2011_T",TRUE,"Prey1",1,12,3.125,0.190770095053356,18,2,0.178243746968395,16,9.31666666666667,8.13333333333333,1.13943428318836,0.693147180559945,2.231804910933,2.09597084363105,2.484906649788,2.89037175789616,16
"Kalinkat_2011_T",TRUE,"Prey1",1,18,4.875,0.330620470983473,12,1.9375,0.132028938589235,16,27.9833333333333,4.4625,1.58412010444981,0.661398482245365,3.33160909485544,1.49570914710576,2.89037175789616,2.484906649788,16
"Kalinkat_2011_T",TRUE,"Prey1",1,2,0.583333333333333,0.0429107208787031,28,5.08333333333333,0.35967566291255,12,0.265151515151515,18.6287878787879,-0.538996500732687,1.62596721438531,-1.32745386109696,2.92470811962982,0.693147180559945,3.3322045101752,12
"Kalinkat_2011_T",TRUE,"Prey1",1,24,7.8125,0.49171190646387,6,0.75,0.0625,16,61.8958333333333,1,2.05572501506252,-0.287682072451781,4.12545286455472,0,3.17805383034795,1.79175946922805,16
"Kalinkat_2011_T",TRUE,"Prey1",1,26,5.07692307692308,0.423032093733955,4,0.307692307692308,0.036952650878097,13,30.2435897435897,0.230769230769231,1.62470538456489,-1.17865499634165,3.40928425271808,-1.46633706879343,3.25809653802148,1.38629436111989,13
"Kalinkat_2011_T",TRUE,"Prey1",1,28,4.08333333333333,0.370057211883974,2,0.25,0.0376889180722205,12,19.719696969697,0.204545454545455,1.40691364832263,-1.38629436111989,2.98161798240819,-1.58696505658204,3.3322045101752,0.693147180559945,12
"Kalinkat_2011_T",TRUE,"Prey1",1,29,7.16666666666667,0.667455341574725,1,0.0833333333333333,0.0240562612162344,12,64.1515151515152,0.0833333333333333,1.96944064646551,-2.484906649788,4.16124770966838,-2.484906649788,3.36729582998647,0,12
"Kalinkat_2011_T",TRUE,"Prey1",1,4,1.5,0.0973123680201904,26,5.83333333333333,0.227062192047111,12,1.36363636363636,7.42424242424242,0.405465108108164,1.76358859226136,0.310154928303839,2.00475064907825,1.38629436111989,3.25809653802148,12
"Kalinkat_2011_T",TRUE,"Prey1",1,6,2.3125,0.147405955188384,24,5.0625,0.190214722419165,16,5.5625,9.2625,0.838329190404443,1.62186043243266,1.71604764749236,2.22597399062221,1.79175946922805,3.17805383034795,16
"Kalinkat_2011_T",TRUE,"Prey2",1,29,5.25,0.312057767897309,1,0.416666666666667,0.0429107208787031,12,14.0227272727273,0.265151515151515,1.65822807660353,-0.8754687373539,2.64067938998713,-1.32745386109696,3.36729582998647,0,12
"Kalinkat_2011_T",TRUE,"Prey2",1,18,2,0.178243746968395,12,3.125,0.190770095053356,16,8.13333333333333,9.31666666666667,0.693147180559945,1.13943428318836,2.09597084363105,2.231804910933,2.89037175789616,2.484906649788,16
"Kalinkat_2011_T",TRUE,"Prey2",1,12,1.9375,0.132028938589235,18,4.875,0.330620470983473,16,4.4625,27.9833333333333,0.661398482245365,1.58412010444981,1.49570914710576,3.33160909485544,2.484906649788,2.89037175789616,16
"Kalinkat_2011_T",TRUE,"Prey2",1,28,5.08333333333333,0.35967566291255,2,0.583333333333333,0.0429107208787031,12,18.6287878787879,0.265151515151515,1.62596721438531,-0.538996500732687,2.92470811962982,-1.32745386109696,3.3322045101752,0.693147180559945,12
"Kalinkat_2011_T",TRUE,"Prey2",1,6,0.75,0.0625,24,7.8125,0.49171190646387,16,1,61.8958333333333,-0.287682072451781,2.05572501506252,0,4.12545286455472,1.79175946922805,3.17805383034795,16
"Kalinkat_2011_T",TRUE,"Prey2",1,4,0.307692307692308,0.036952650878097,26,5.07692307692308,0.423032093733955,13,0.230769230769231,30.2435897435897,-1.17865499634165,1.62470538456489,-1.46633706879343,3.40928425271808,1.38629436111989,3.25809653802148,13
"Kalinkat_2011_T",TRUE,"Prey2",1,2,0.25,0.0376889180722205,28,4.08333333333333,0.370057211883974,12,0.204545454545455,19.719696969697,-1.38629436111989,1.40691364832263,-1.58696505658204,2.98161798240819,0.693147180559945,3.3322045101752,12
"Kalinkat_2011_T",TRUE,"Prey2",1,1,0.0833333333333333,0.0240562612162344,29,7.16666666666667,0.667455341574725,12,0.0833333333333333,64.1515151515152,-2.484906649788,1.96944064646551,-2.484906649788,4.16124770966838,0,3.36729582998647,12
"Kalinkat_2011_T",TRUE,"Prey2",1,26,5.83333333333333,0.227062192047111,4,1.5,0.0973123680201904,12,7.42424242424242,1.36363636363636,1.76358859226136,0.405465108108164,2.00475064907825,0.310154928303839,3.25809653802148,1.38629436111989,12
"Kalinkat_2011_T",TRUE,"Prey2",1,24,5.0625,0.190214722419165,6,2.3125,0.147405955188384,16,9.2625,5.5625,1.62186043243266,0.838329190404443,2.22597399062221,1.71604764749236,3.17805383034795,1.79175946922805,16
"Lester_2002_Af_d",TRUE,"Prey1",1,14,15,0.612372435695794,0,0,0,4,6,0,2.70805020110221,-Inf,1.79175946922805,-Inf,2.63905732961526,0,4
"Lester_2002_Af_d",TRUE,"Prey1",1,14,14.25,0.850857410694256,14,5.75,0.625,4,11.5833333333333,6.25,2.65675690671466,1.74919985480926,2.44956728334269,1.83258146374831,2.63905732961526,2.63905732961526,4
"Lester_2002_Af_d",TRUE,"Prey1",1,2,2.5,0.25,0,0,0,4,1,0,0.916290731874155,-Inf,0,-Inf,0.693147180559945,0,4
"Lester_2002_Af_d",TRUE,"Prey1",1,26,16,0.735980072193987,0,0,0,4,8.66666666666667,0,2.77258872223978,-Inf,2.15948424935337,-Inf,3.25809653802148,0,4
"Lester_2002_Af_d",TRUE,"Prey1",1,26,20.25,0.625,26,4.25,0.554338945652086,4,6.25,4.91666666666667,3.00815479355255,1.44691898293633,1.83258146374831,1.59263079411772,3.25809653802148,3.25809653802148,4
"Lester_2002_Af_d",TRUE,"Prey1",1,40,18.5,0.322748612183951,0,0,0,4,1.66666666666667,0,2.91777073208428,-Inf,0.510825623765991,-Inf,3.68887945411394,0,4
"Lester_2002_Af_d",TRUE,"Prey1",1,40,20,0.353553390593274,40,5.25,0.314576434802948,4,2,1.58333333333333,2.99573227355399,1.65822807660353,0.693147180559945,0.45953232937844,3.68887945411394,3.68887945411394,4
"Lester_2002_Af_d",TRUE,"Prey1",1,6,10.25,0.625,0,0,0,4,6.25,0,2.32727770558442,-Inf,1.83258146374831,-Inf,1.79175946922805,0,4
"Lester_2002_Af_d",TRUE,"Prey1",1,6,10,0.456435464587638,6,3.75,0.426956281914983,4,3.33333333333333,2.91666666666667,2.30258509299405,1.32175583998232,1.20397280432594,1.07044141170141,1.79175946922805,1.79175946922805,4
"Lester_2002_Af_d",TRUE,"Prey2",1,14,14,0.204124145231932,0,0,0,4,0.666666666666667,0,2.63905732961526,-Inf,-0.405465108108164,-Inf,2.63905732961526,0,4
"Lester_2002_Af_d",TRUE,"Prey2",1,2,1.75,0.125,0,0,0,4,0.25,0,0.559615787935423,-Inf,-1.38629436111989,-Inf,0.693147180559945,0,4
"Lester_2002_Af_d",TRUE,"Prey2",1,26,13.5,0.433012701892219,0,0,0,4,3,0,2.60268968544438,-Inf,1.09861228866811,-Inf,3.25809653802148,0,4
"Lester_2002_Af_d",TRUE,"Prey2",1,40,17.75,0.773923984208613,0,0,0,4,9.58333333333333,0,2.87638551592142,-Inf,2.26002547857525,-Inf,3.68887945411394,0,4
"Lester_2002_Af_d",TRUE,"Prey2",1,6,8.5,0.595119035711904,0,0,0,4,5.66666666666667,0,2.14006616349627,-Inf,1.73460105538811,-Inf,1.79175946922805,0,4
"Lester_2002_Af_d",TRUE,"Prey2",1,14,5.75,0.625,14,14.25,0.850857410694256,4,6.25,11.5833333333333,1.74919985480926,2.65675690671466,1.83258146374831,2.44956728334269,2.63905732961526,2.63905732961526,4
"Lester_2002_Af_d",TRUE,"Prey2",1,2,2.25,0.239356776939085,2,3,0,4,0.916666666666667,0,0.810930216216329,1.09861228866811,-0.0870113769896298,-Inf,0.693147180559945,0.693147180559945,4
"Lester_2002_Af_d",TRUE,"Prey2",1,26,4.25,0.554338945652086,26,20.25,0.625,4,4.91666666666667,6.25,1.44691898293633,3.00815479355255,1.59263079411772,1.83258146374831,3.25809653802148,3.25809653802148,4
"Lester_2002_Af_d",TRUE,"Prey2",1,40,5.25,0.314576434802948,40,20,0.353553390593274,4,1.58333333333333,2,1.65822807660353,2.99573227355399,0.45953232937844,0.693147180559945,3.68887945411394,3.68887945411394,4
"Lester_2002_Af_d",TRUE,"Prey2",1,6,3.75,0.426956281914983,6,10,0.456435464587638,4,2.91666666666667,3.33333333333333,1.32175583998232,2.30258509299405,1.07044141170141,1.20397280432594,1.79175946922805,1.79175946922805,4
"Lester_2002_Af_e",TRUE,"Prey1",1,14,13.5,0.433012701892219,0,0,0,4,3,0,2.60268968544438,-Inf,1.09861228866811,-Inf,2.63905732961526,0,4
"Lester_2002_Af_e",TRUE,"Prey1",1,14,20,1.24163870214594,14,9.75,0.657488909919146,4,24.6666666666667,6.91666666666667,2.99573227355399,2.27726728500976,3.20545280453606,1.9339339580086,2.63905732961526,2.63905732961526,4
"Lester_2002_Af_e",TRUE,"Prey1",1,2,3,0.288675134594813,0,0,0,4,1.33333333333333,0,1.09861228866811,-Inf,0.287682072451781,-Inf,0.693147180559945,0,4
"Lester_2002_Af_e",TRUE,"Prey1",1,2,5.5,0.144337567297406,2,2.75,0.314576434802948,4,0.333333333333333,1.58333333333333,1.70474809223843,1.01160091167848,-1.09861228866811,0.45953232937844,0.693147180559945,0.693147180559945,4
"Lester_2002_Af_e",TRUE,"Prey1",1,26,17.5,0.853912563829966,0,0,0,4,11.6666666666667,0,2.86220088092947,-Inf,2.4567357728213,-Inf,3.25809653802148,0,4
"Lester_2002_Af_e",TRUE,"Prey1",1,26,18.75,1.1614466553972,26,16.5,0.520416499866533,4,21.5833333333333,4.33333333333333,2.93119375241642,2.80336038090653,3.07192141191154,1.46633706879343,3.25809653802148,3.25809653802148,4
"Lester_2002_Af_e",TRUE,"Prey1",1,40,23.75,1.51897717779652,0,0,0,4,36.9166666666667,0,3.16758253048065,-Inf,3.60866312025714,-Inf,3.68887945411394,0,4
"Lester_2002_Af_e",TRUE,"Prey1",1,40,22,0.67700320038633,40,19,1.08012344973464,4,7.33333333333333,18.6666666666667,3.09104245335832,2.94443897916644,1.99243016469021,2.92673940206704,3.68887945411394,3.68887945411394,4
"Lester_2002_Af_e",TRUE,"Prey1",1,6,7.5,1.08972473588517,0,0,0,4,19,0,2.01490302054226,-Inf,2.94443897916644,-Inf,1.79175946922805,0,4
"Lester_2002_Af_e",TRUE,"Prey1",1,6,13.5,0.595119035711904,6,9.25,0.554338945652086,4,5.66666666666667,4.91666666666667,2.60268968544438,2.22462355152433,1.73460105538811,1.59263079411772,1.79175946922805,1.79175946922805,4
"Lester_2002_Af_e",TRUE,"Prey2",1,14,24,1.06066017177982,0,0,0,4,18,0,3.17805383034795,-Inf,2.89037175789616,-Inf,2.63905732961526,0,4
"Lester_2002_Af_e",TRUE,"Prey2",1,2,5.5,0.25,0,0,0,4,1,0,1.70474809223843,-Inf,0,-Inf,0.693147180559945,0,4
"Lester_2002_Af_e",TRUE,"Prey2",1,26,25.25,0.314576434802948,0,0,0,4,1.58333333333333,0,3.22882615572137,-Inf,0.45953232937844,-Inf,3.25809653802148,0,4
"Lester_2002_Af_e",TRUE,"Prey2",1,40,30.5,1.23322071557906,0,0,0,4,24.3333333333333,0,3.41772668361337,-Inf,3.19184715248028,-Inf,3.68887945411394,0,4
"Lester_2002_Af_e",TRUE,"Prey2",1,6,15.5,0.595119035711904,0,0,0,4,5.66666666666667,0,2.7408400239252,-Inf,1.73460105538811,-Inf,1.79175946922805,0,4
"Lester_2002_Af_e",TRUE,"Prey2",1,14,9.75,0.657488909919146,14,20,1.24163870214594,4,6.91666666666667,24.6666666666667,2.27726728500976,2.99573227355399,1.9339339580086,3.20545280453606,2.63905732961526,2.63905732961526,4
"Lester_2002_Af_e",TRUE,"Prey2",1,2,2.75,0.314576434802948,2,5.5,0.144337567297406,4,1.58333333333333,0.333333333333333,1.01160091167848,1.70474809223843,0.45953232937844,-1.09861228866811,0.693147180559945,0.693147180559945,4
"Lester_2002_Af_e",TRUE,"Prey2",1,26,16.5,0.520416499866533,26,18.75,1.1614466553972,4,4.33333333333333,21.5833333333333,2.80336038090653,2.93119375241642,1.46633706879343,3.07192141191154,3.25809653802148,3.25809653802148,4
"Lester_2002_Af_e",TRUE,"Prey2",1,40,19,1.08012344973464,40,22,0.67700320038633,4,18.6666666666667,7.33333333333333,2.94443897916644,3.09104245335832,2.92673940206704,1.99243016469021,3.68887945411394,3.68887945411394,4
"Lester_2002_Af_e",TRUE,"Prey2",1,6,9.25,0.554338945652086,6,13.5,0.595119035711904,4,4.91666666666667,5.66666666666667,2.22462355152433,2.60268968544438,1.59263079411772,1.73460105538811,1.79175946922805,1.79175946922805,4
"Lester_2002_Ty_d",TRUE,"Prey1",1,14,15.5,0.924211375534118,0,0,0,4,13.6666666666667,0,2.7408400239252,-Inf,2.6149597780362,-Inf,2.63905732961526,0,4
"Lester_2002_Ty_d",TRUE,"Prey1",1,14,11,0.540061724867322,14,7.25,0.657488909919146,4,4.66666666666667,6.91666666666667,2.39789527279837,1.98100146886658,1.54044504094715,1.9339339580086,2.63905732961526,2.63905732961526,4
"Lester_2002_Ty_d",TRUE,"Prey1",1,2,2.5,0.25,0,0,0,4,1,0,0.916290731874155,-Inf,0,-Inf,0.693147180559945,0,4
"Lester_2002_Ty_d",TRUE,"Prey1",1,2,2.75,0.125,2,3,0,4,0.25,0,1.01160091167848,1.09861228866811,-1.38629436111989,-Inf,0.693147180559945,0.693147180559945,4
"Lester_2002_Ty_d",TRUE,"Prey1",1,26,14.5,0.520416499866533,0,0,0,4,4.33333333333333,0,2.67414864942653,-Inf,1.46633706879343,-Inf,3.25809653802148,0,4
"Lester_2002_Ty_d",TRUE,"Prey1",1,26,15.75,1.49129418068111,26,10.25,0.314576434802948,4,35.5833333333333,1.58333333333333,2.75684036527164,2.32727770558442,3.57187736344062,0.45953232937844,3.25809653802148,3.25809653802148,4
"Lester_2002_Ty_d",TRUE,"Prey1",1,40,16,0.612372435695794,0,0,0,4,6,0,2.77258872223978,-Inf,1.79175946922805,-Inf,3.68887945411394,0,4
"Lester_2002_Ty_d",TRUE,"Prey1",1,40,15.25,0.965552518854706,40,9.75,0.239356776939085,4,14.9166666666667,0.916666666666667,2.72457950305342,2.27726728500976,2.70247915605275,-0.0870113769896298,3.68887945411394,3.68887945411394,4
"Lester_2002_Ty_d",TRUE,"Prey1",1,6,11.5,0.433012701892219,0,0,0,4,3,0,2.4423470353692,-Inf,1.09861228866811,-Inf,1.79175946922805,0,4
"Lester_2002_Ty_d",TRUE,"Prey1",1,6,8.75,0.965552518854706,6,4.25,0.125,4,14.9166666666667,0.25,2.16905370036952,1.44691898293633,2.70247915605275,-1.38629436111989,1.79175946922805,1.79175946922805,4
"Lester_2002_Ty_d",TRUE,"Prey2",1,14,14.25,1.28086884574495,0,0,0,4,26.25,0,2.65675690671466,-Inf,3.26766598903763,-Inf,2.63905732961526,0,4
"Lester_2002_Ty_d",TRUE,"Prey2",1,26,19.5,1.01036297108185,0,0,0,4,16.3333333333333,0,2.9704144655697,-Inf,2.79320800944252,-Inf,3.25809653802148,0,4
"Lester_2002_Ty_d",TRUE,"Prey2",1,40,22,1.33853153368408,0,0,0,4,28.6666666666667,0,3.09104245335832,-Inf,3.3557350075854,-Inf,3.68887945411394,0,4
"Lester_2002_Ty_d",TRUE,"Prey2",1,6,12.75,0.718070330817254,0,0,0,4,8.25,0,2.54553127160443,-Inf,2.11021320034659,-Inf,1.79175946922805,0,4
"Lester_2002_Ty_d",TRUE,"Prey2",1,14,7.25,0.657488909919146,14,11,0.540061724867322,4,6.91666666666667,4.66666666666667,1.98100146886658,2.39789527279837,1.9339339580086,1.54044504094715,2.63905732961526,2.63905732961526,4
"Lester_2002_Ty_d",TRUE,"Prey2",1,26,10.25,0.314576434802948,26,15.75,1.49129418068111,4,1.58333333333333,35.5833333333333,2.32727770558442,2.75684036527164,0.45953232937844,3.57187736344062,3.25809653802148,3.25809653802148,4
"Lester_2002_Ty_d",TRUE,"Prey2",1,40,9.75,0.239356776939085,40,15.25,0.965552518854706,4,0.916666666666667,14.9166666666667,2.27726728500976,2.72457950305342,-0.0870113769896298,2.70247915605275,3.68887945411394,3.68887945411394,4
"Lester_2002_Ty_d",TRUE,"Prey2",1,6,4.25,0.125,6,8.75,0.965552518854706,4,0.25,14.9166666666667,1.44691898293633,2.16905370036952,-1.38629436111989,2.70247915605275,1.79175946922805,1.79175946922805,4
"Lester_2002_Ty_e",TRUE,"Prey1",1,14,24.5,2.89755644178562,0,0,0,4,134.333333333333,0,3.19867311755068,-Inf,4.90032427327857,-Inf,2.63905732961526,0,4
"Lester_2002_Ty_e",TRUE,"Prey1",1,14,20.75,3.59614956122054,14,13,1.33853153368408,4,206.916666666667,28.6666666666667,3.03254624667671,2.56494935746154,5.33231613572017,3.3557350075854,2.63905732961526,2.63905732961526,4
"Lester_2002_Ty_e",TRUE,"Prey1",1,2,4.75,0.125,0,0,0,4,0.25,0,1.55814461804655,-Inf,-1.38629436111989,-Inf,0.693147180559945,0,4
"Lester_2002_Ty_e",TRUE,"Prey1",1,26,37,2.92261298612503,0,0,0,4,136.666666666667,0,3.61091791264422,-Inf,4.91754487103024,-Inf,3.25809653802148,0,4
"Lester_2002_Ty_e",TRUE,"Prey1",1,26,31,3.93700393700591,26,13.75,0.473242362150023,4,248,3.58333333333333,3.43398720448515,2.62103882411258,5.51342874616498,1.27629346590556,3.25809653802148,3.25809653802148,4
"Lester_2002_Ty_e",TRUE,"Prey1",1,40,56.5,8.88467782195843,0,0,0,4,1263,0,4.0342406381524,-Inf,7.14124512235049,-Inf,3.68887945411394,0,4
"Lester_2002_Ty_e",TRUE,"Prey1",1,40,36.75,6.76194929981979,40,15.5,0.661437827766148,4,731.583333333333,7,3.60413822565885,2.7408400239252,6.59521113513821,1.94591014905531,3.68887945411394,3.68887945411394,4
"Lester_2002_Ty_e",TRUE,"Prey1",1,6,7.5,0.75,0,0,0,4,9,0,2.01490302054226,-Inf,2.19722457733622,-Inf,1.79175946922805,0,4
"Lester_2002_Ty_e",TRUE,"Prey1",1,6,11.5,0.924211375534118,6,6,0.67700320038633,4,13.6666666666667,7.33333333333333,2.4423470353692,1.79175946922805,2.6149597780362,1.99243016469021,1.79175946922805,1.79175946922805,4
"Lester_2002_Ty_e",TRUE,"Prey2",1,14,9.5,1.78535710713571,0,0,0,4,51,0,2.2512917986065,-Inf,3.93182563272433,-Inf,2.63905732961526,0,4
"Lester_2002_Ty_e",TRUE,"Prey2",1,2,1.75,0.515388203202208,0,0,0,4,4.25,0,0.559615787935423,-Inf,1.44691898293633,-Inf,0.693147180559945,0,4
"Lester_2002_Ty_e",TRUE,"Prey2",1,26,18,1.02062072615966,0,0,0,4,16.6666666666667,0,2.89037175789616,-Inf,2.81341071676004,-Inf,3.25809653802148,0,4
"Lester_2002_Ty_e",TRUE,"Prey2",1,40,17.5,0.433012701892219,0,0,0,4,3,0,2.86220088092947,-Inf,1.09861228866811,-Inf,3.68887945411394,0,4
"Lester_2002_Ty_e",TRUE,"Prey2",1,6,7.75,1.00778221853732,0,0,0,4,16.25,0,2.04769284336526,-Inf,2.78809290877575,-Inf,1.79175946922805,0,4
"Lester_2002_Ty_e",TRUE,"Prey2",1,14,13,1.33853153368408,14,20.75,3.59614956122054,4,28.6666666666667,206.916666666667,2.56494935746154,3.03254624667671,3.3557350075854,5.33231613572017,2.63905732961526,2.63905732961526,4
"Lester_2002_Ty_e",TRUE,"Prey2",1,2,3,0.612372435695794,2,6,0,4,6,0,1.09861228866811,1.79175946922805,1.79175946922805,-Inf,0.693147180559945,0.693147180559945,4
"Lester_2002_Ty_e",TRUE,"Prey2",1,26,13.75,0.473242362150023,26,31,3.93700393700591,4,3.58333333333333,248,2.62103882411258,3.43398720448515,1.27629346590556,5.51342874616498,3.25809653802148,3.25809653802148,4
"Lester_2002_Ty_e",TRUE,"Prey2",1,40,15.5,0.661437827766148,40,36.75,6.76194929981979,4,7,731.583333333333,2.7408400239252,3.60413822565885,1.94591014905531,6.59521113513821,3.68887945411394,3.68887945411394,4
"Lester_2002_Ty_e",TRUE,"Prey2",1,6,6,0.67700320038633,6,11.5,0.924211375534118,4,7.33333333333333,13.6666666666667,1.79175946922805,2.4423470353692,1.99243016469021,2.6149597780362,1.79175946922805,1.79175946922805,4
"Long_2012_2p",FALSE,"Prey1",1,10,3.66666666666667,0.389681731483337,0,0,0,6,5.46666666666667,0,1.29928298413026,-Inf,1.69866904616204,-Inf,2.30258509299405,0,6
"Long_2012_2p",FALSE,"Prey1",1,10,4.8,0.433589667773576,10,5,0.678232998312527,5,4.7,11.5,1.56861591791385,1.6094379124341,1.54756250871601,2.4423470353692,2.30258509299405,2.30258509299405,5
"Long_2012_2p",FALSE,"Prey1",1,10,2.5,0.520416499866533,15,3.75,1.71239354900288,4,4.33333333333333,46.9166666666667,0.916290731874155,1.32175583998232,1.46633706879343,3.84837297835169,2.30258509299405,2.70805020110221,4
"Long_2012_2p",FALSE,"Prey1",1,10,1,0.707106781186548,20,7.5,3.88908729652601,2,2,60.5,0,2.01490302054226,0.693147180559945,4.1026433650368,2.30258509299405,2.99573227355399,2
"Long_2012_2p",FALSE,"Prey1",1,10,1.2,0.357770876399966,5,2.6,0.501996015920445,5,3.2,6.3,0.182321556793955,0.955511445027436,1.16315080980568,1.84054963339749,2.30258509299405,1.6094379124341,5
"Long_2012_2p",FALSE,"Prey1",1,15,1.33333333333333,0.38490017945975,0,0,0,3,1.33333333333333,0,0.287682072451781,-Inf,0.287682072451781,-Inf,2.70805020110221,0,3
"Long_2012_2p",FALSE,"Prey1",1,15,2.66666666666667,1.26197963240006,10,9.33333333333333,0.192450089729875,3,14.3333333333333,0.333333333333333,0.980829253011726,2.23359222150709,2.66258782702545,-1.09861228866811,2.70805020110221,2.30258509299405,3
"Long_2012_2p",FALSE,"Prey1",1,15,8.66666666666667,0.769800358919501,5,1,0.577350269189626,3,5.33333333333333,3,2.15948424935337,0,1.67397643357167,1.09861228866811,2.70805020110221,1.6094379124341,3
"Long_2012_2p",FALSE,"Prey1",1,5,2.55555555555556,0.0979907892986885,0,0,0,9,0.777777777777778,0,0.93826963859293,-Inf,-0.251314428280906,-Inf,1.6094379124341,0,9
"Long_2012_2p",FALSE,"Prey1",1,5,0.6,0.109544511501033,10,5.8,0.920869154657707,5,0.3,21.2,-0.510825623765991,1.75785791755237,-1.20397280432594,3.05400118167797,1.6094379124341,2.30258509299405,5
"Long_2012_2p",FALSE,"Prey1",1,5,2.33333333333333,0.693888666488711,15,8.66666666666667,1.26197963240006,3,4.33333333333333,14.3333333333333,0.847297860387204,2.15948424935337,1.46633706879343,2.66258782702545,1.6094379124341,2.70805020110221,3
"Long_2012_2p",FALSE,"Prey1",1,5,1,0.116642368703961,5,2.28571428571429,0.257067260240696,7,0.666666666666667,3.23809523809524,0,0.826678573184468,-0.405465108108164,1.17498526745268,1.6094379124341,1.6094379124341,7
"Long_2012_2p",FALSE,"Prey1",1,8,2,0.204124145231932,0,0,0,4,0.666666666666667,0,0.693147180559945,-Inf,-0.405465108108164,-Inf,2.07944154167984,0,4
"Long_2012_2p",FALSE,"Prey2",1,10,5.8,0.554977477020464,0,0,0,5,7.7,0,1.75785791755237,-Inf,2.04122032885964,-Inf,2.30258509299405,0,5
"Long_2012_2p",FALSE,"Prey2",1,15,10.6,1.06395488626163,0,0,0,5,28.3,0,2.36085400111802,-Inf,3.34286180464919,-Inf,2.70805020110221,0,5
"Long_2012_2p",FALSE,"Prey2",1,20,16.125,0.717876021429088,0,0,0,8,32.9821428571429,0,2.78037086268184,-Inf,3.49596628946409,-Inf,2.99573227355399,0,8
"Long_2012_2p",FALSE,"Prey2",1,40,12.5,6.01040764008565,0,0,0,2,144.5,0,2.52572864430826,-Inf,4.97327950755249,-Inf,3.68887945411394,0,2
"Long_2012_2p",FALSE,"Prey2",1,5,3.16666666666667,0.245326690731329,0,0,0,6,2.16666666666667,0,1.15267950993839,-Inf,0.773189888233482,-Inf,1.6094379124341,0,6
"Long_2012_2p",FALSE,"Prey2",1,10,5,0.678232998312527,10,4.8,0.433589667773576,5,11.5,4.7,1.6094379124341,1.56861591791385,2.4423470353692,1.54756250871601,2.30258509299405,2.30258509299405,5
"Long_2012_2p",FALSE,"Prey2",1,15,3.75,1.71239354900288,10,2.5,0.520416499866533,4,46.9166666666667,4.33333333333333,1.32175583998232,0.916290731874155,3.84837297835169,1.46633706879343,2.70805020110221,2.30258509299405,4
"Long_2012_2p",FALSE,"Prey2",1,20,7.5,3.88908729652601,10,1,0.707106781186548,2,60.5,2,2.01490302054226,0,4.1026433650368,0.693147180559945,2.99573227355399,2.30258509299405,2
"Long_2012_2p",FALSE,"Prey2",1,5,2.6,0.501996015920445,10,1.2,0.357770876399966,5,6.3,3.2,0.955511445027436,0.182321556793955,1.84054963339749,1.16315080980568,1.6094379124341,2.30258509299405,5
"Long_2012_2p",FALSE,"Prey2",1,10,9.33333333333333,0.192450089729875,15,2.66666666666667,1.26197963240006,3,0.333333333333333,14.3333333333333,2.23359222150709,0.980829253011726,-1.09861228866811,2.66258782702545,2.30258509299405,2.70805020110221,3
"Long_2012_2p",FALSE,"Prey2",1,5,1,0.577350269189626,15,8.66666666666667,0.769800358919501,3,3,5.33333333333333,0,2.15948424935337,1.09861228866811,1.67397643357167,1.6094379124341,2.70805020110221,3
"Long_2012_2p",FALSE,"Prey2",1,10,5.8,0.920869154657707,5,0.6,0.109544511501033,5,21.2,0.3,1.75785791755237,-0.510825623765991,3.05400118167797,-1.20397280432594,2.30258509299405,1.6094379124341,5
"Long_2012_2p",FALSE,"Prey2",1,15,8.66666666666667,1.26197963240006,5,2.33333333333333,0.693888666488711,3,14.3333333333333,4.33333333333333,2.15948424935337,0.847297860387204,2.66258782702545,1.46633706879343,2.70805020110221,1.6094379124341,3
"Long_2012_2p",FALSE,"Prey2",1,5,2.28571428571429,0.257067260240696,5,1,0.116642368703961,7,3.23809523809524,0.666666666666667,0.826678573184468,0,1.17498526745268,-0.405465108108164,1.6094379124341,1.6094379124341,7
"Mattila_1998",FALSE,"Prey1",1,10,0.69,0.51,90,83.75,1.83,5,6.5025,83.7225,-0.371063681390832,4.42783617070518,1.87218671834067,4.42750775857486,2.30258509299405,4.49980967033027,5
"Mattila_1998",FALSE,"Prey1",1,50,14.41,3.05,50,35.51,2.97,8,595.36,564.5376,2.66792241001143,3.569814346955,6.38916626459831,6.33600698898889,3.91202300542815,3.91202300542815,8
"Mattila_1998",FALSE,"Prey1",1,90,77.49,2.75,10,1.42,0.68,5,189.0625,11.56,4.35014889577586,0.350656871613169,5.24207764822516,2.44755086324423,4.49980967033027,2.30258509299405,5
"Mattila_1998",FALSE,"Prey1",1,25,10.9,4.46,25,19.2,4.33,5,497.29,468.7225,2.3887627892351,2.95491027903374,6.20917335693215,6.150010908897,3.2188758248682,3.2188758248682,5
"Mattila_1998",FALSE,"Prey1",1,50,19.32,3.47,50,30.34,3.34,5,301.0225,278.89,2.96114082878437,3.41246697392039,5.70718501278574,5.63081743884542,3.91202300542815,3.91202300542815,5
"Mattila_1998",FALSE,"Prey1",1,100,45.45,4.83,100,70.96,4.95,5,583.2225,612.5625,3.81661282062349,4.26211633800132,6.36856876019716,6.4176509780294,4.60517018598809,4.60517018598809,5
"Mattila_1998",FALSE,"Prey1",1,200,53.5,4.33,200,67.12,4.33,4,299.9824,299.9824,3.97968165390196,4.20648206215895,5.70372380626858,5.70372380626858,5.29831736654804,5.29831736654804,4
"Mattila_1998",FALSE,"Prey2",1,90,83.75,1.83,10,0.69,0.51,5,83.7225,6.5025,4.42783617070518,-0.371063681390832,4.42750775857486,1.87218671834067,4.49980967033027,2.30258509299405,5
"Mattila_1998",FALSE,"Prey2",1,50,35.51,2.97,50,14.41,3.05,8,564.5376,595.36,3.569814346955,2.66792241001143,6.33600698898889,6.38916626459831,3.91202300542815,3.91202300542815,8
"Mattila_1998",FALSE,"Prey2",1,10,1.42,0.68,90,77.49,2.75,5,11.56,189.0625,0.350656871613169,4.35014889577586,2.44755086324423,5.24207764822516,2.30258509299405,4.49980967033027,5
"Mattila_1998",FALSE,"Prey2",1,25,19.2,4.33,25,10.9,4.46,5,468.7225,497.29,2.95491027903374,2.3887627892351,6.150010908897,6.20917335693215,3.2188758248682,3.2188758248682,5
"Mattila_1998",FALSE,"Prey2",1,50,30.34,3.34,50,19.32,3.47,5,278.89,301.0225,3.41246697392039,2.96114082878437,5.63081743884542,5.70718501278574,3.91202300542815,3.91202300542815,5
"Mattila_1998",FALSE,"Prey2",1,100,70.96,4.95,100,45.45,4.83,5,612.5625,583.2225,4.26211633800132,3.81661282062349,6.4176509780294,6.36856876019716,4.60517018598809,4.60517018598809,5
"Mattila_1998",FALSE,"Prey2",1,200,67.12,4.33,200,53.5,4.33,4,299.9824,299.9824,4.20648206215895,3.97968165390196,5.70372380626858,5.70372380626858,5.29831736654804,5.29831736654804,4
"Nachappa_2006",FALSE,"Prey1",1,1,0.8,0.0421637021355784,0,0,0,10,0.177777777777778,0,-0.22314355131421,-Inf,-1.72722094809048,-Inf,0,0,10
"Nachappa_2006",FALSE,"Prey1",1,10,2.4,0.17763883459299,10,4,0.124721912892465,10,3.15555555555556,1.55555555555556,0.8754687373539,1.38629436111989,1.14916456783094,0.441832752279039,2.30258509299405,2.30258509299405,10
"Nachappa_2006",FALSE,"Prey1",1,11,4.4,0.117378779077727,0,0,0,10,1.37777777777778,0,1.48160454092422,-Inf,0.320471895274772,-Inf,2.39789527279837,0,10
"Nachappa_2006",FALSE,"Prey1",1,14,1.9,0.0994428926011753,14,5,0.176383420737639,10,0.988888888888889,3.11111111111111,0.641853886172395,1.6094379124341,-0.0111733005981252,1.13497993283898,2.63905732961526,2.63905732961526,10
"Nachappa_2006",FALSE,"Prey1",1,2,0.6,0.0516397779494322,2,1,0,10,0.266666666666667,0,-0.510825623765991,0,-1.32175583998232,-Inf,0.693147180559945,0.693147180559945,10
"Nachappa_2006",FALSE,"Prey1",1,3,2.2,0.0918936583472681,0,0,0,10,0.844444444444444,0,0.78845736036427,-Inf,-0.169076330043934,-Inf,1.09861228866811,0,10
"Nachappa_2006",FALSE,"Prey1",1,5,4.4,0.0966091783079296,0,0,0,10,0.933333333333333,0,1.48160454092422,-Inf,-0.0689928714869514,-Inf,1.6094379124341,0,10
"Nachappa_2006",FALSE,"Prey1",1,6,1.66666666666667,0.0962250448649376,6,2.77777777777778,0.0489953946493443,9,0.75,0.194444444444444,0.510825623765991,1.02165124753198,-0.287682072451781,-1.6376087894008,1.79175946922805,1.79175946922805,9
"Nachappa_2006",FALSE,"Prey1",1,7,4.5,0.097182531580755,0,0,0,10,0.944444444444444,0,1.50407739677627,-Inf,-0.0571584138399486,-Inf,1.94591014905531,0,10
"Nachappa_2006",FALSE,"Prey2",1,1,0.9,0.0316227766016838,0,0,0,10,0.1,0,-0.105360515657826,-Inf,-2.30258509299405,-Inf,0,0,10
"Nachappa_2006",FALSE,"Prey2",1,11,7.7,0.258413965910857,0,0,0,10,6.67777777777778,0,2.04122032885964,-Inf,1.89878526420494,-Inf,2.39789527279837,0,10
"Nachappa_2006",FALSE,"Prey2",1,15,8.3,0.176698110409314,0,0,0,10,3.12222222222222,0,2.11625551480255,-Inf,1.13854499900348,-Inf,2.70805020110221,0,10
"Nachappa_2006",FALSE,"Prey2",1,3,2.44444444444444,0.0807203508063088,0,0,0,9,0.527777777777778,0,0.893817876022097,-Inf,-0.63907995928967,-Inf,1.09861228866811,0,9
"Nachappa_2006",FALSE,"Prey2",1,5,4.2,0.0788810637746616,0,0,0,10,0.622222222222222,0,1.43508452528932,-Inf,-0.474457979595116,-Inf,1.6094379124341,0,10
"Nachappa_2006",FALSE,"Prey2",1,7,5.3,0.105934990547138,0,0,0,10,1.12222222222222,0,1.66770682055808,-Inf,0.115310846510994,-Inf,1.94591014905531,0,10
"Nachappa_2006",FALSE,"Prey2",1,9,5.6,0.298886823619465,0,0,0,10,8.93333333333333,0,1.7227665977411,-Inf,2.1897895988487,-Inf,2.19722457733622,0,10
"Nachappa_2006",FALSE,"Prey2",1,10,4,0.124721912892465,10,2.4,0.17763883459299,10,1.55555555555556,3.15555555555556,1.38629436111989,0.8754687373539,0.441832752279039,1.14916456783094,2.30258509299405,2.30258509299405,10
"Nachappa_2006",FALSE,"Prey2",1,14,5,0.176383420737639,14,1.9,0.0994428926011753,10,3.11111111111111,0.988888888888889,1.6094379124341,0.641853886172395,1.13497993283898,-0.0111733005981252,2.63905732961526,2.63905732961526,10
"Nachappa_2006",FALSE,"Prey2",1,6,2.77777777777778,0.0489953946493443,6,1.66666666666667,0.0962250448649376,9,0.194444444444444,0.75,1.02165124753198,0.510825623765991,-1.6376087894008,-0.287682072451781,1.79175946922805,1.79175946922805,9
"Ranta_1985_10",TRUE,"Prey1",1,2,3.882,0.999,0,0,0,4,15.968016,0,1.35635048474682,-Inf,2.77058772157261,-Inf,0.693147180559945,0,4
"Ranta_1985_10",TRUE,"Prey1",1,4,8.535,0.989,0,0,0,4,15.649936,0,2.1441753562464,-Inf,2.75046682752093,-Inf,1.38629436111989,0,4
"Ranta_1985_10",TRUE,"Prey1",1,8,12.606,1.442,0,0,0,4,33.269824,0,2.53417289109092,-Inf,3.5046507999653,-Inf,2.07944154167984,0,4
"Ranta_1985_10",TRUE,"Prey1",1,16,12.246,1.325,0,0,0,4,28.09,0,2.50519935305576,-Inf,3.33541364111615,-Inf,2.77258872223978,0,4
"Ranta_1985_10",TRUE,"Prey1",1,32,13.008,0.921,0,0,0,4,13.571856,0,2.56556455280545,-Inf,2.60799823678612,-Inf,3.46573590279973,0,4
"Ranta_1985_10",TRUE,"Prey1",1,64,13.186,1.814,0,0,0,4,52.649536,0,2.57915566069111,-Inf,3.96365742562567,-Inf,4.15888308335967,0,4
"Ranta_1985_10",TRUE,"Prey1",1,128,15.133,0.819,0,0,0,4,10.732176,0,2.71687778970489,-Inf,2.37324633198165,-Inf,4.85203026391962,0,4
"Ranta_1985_10",TRUE,"Prey1",1,256,13.869,0.893,0,0,0,4,12.759184,0,2.6296561336742,-Inf,2.54625132602851,-Inf,5.54517744447956,0,4
"Ranta_1985_10",TRUE,"Prey1",1,15,2.003,1.873,15,5.261,2.414,5,87.703225,145.6849,0.694646056683681,1.66032112274867,4.4739586717921,4.98144607021888,2.70805020110221,2.70805020110221,5
"Ranta_1985_10",TRUE,"Prey1",1,30,1.668,2.131,30,4.488,1.326,5,113.529025,43.9569,0.511625303936555,1.5014071682204,4.73205853110116,3.78320960839554,3.40119738166216,3.40119738166216,5
"Ranta_1985_10",TRUE,"Prey1",1,50,0.445,0.253,50,2.562,0.772,5,1.600225,14.8996,-0.809680996815897,0.940788203474542,0.470144244358967,2.70133436695348,3.91202300542815,3.91202300542815,5
"Ranta_1985_10",TRUE,"Prey1",1,25,9.044,4.987,5,1.962,1.449,5,621.754225,52.490025,2.20210155441572,0.673964361143171,6.43254487799617,3.96062315154529,3.2188758248682,1.6094379124341,5
"Ranta_1985_10",TRUE,"Prey1",1,50,10.088,5.106,5,1.297,1.572,5,651.7809,61.7796,2.31134659866262,0.260053905334307,6.47970846250679,4.12357321288223,3.91202300542815,1.6094379124341,5
"Ranta_1985_10",TRUE,"Prey1",1,100,14.559,5.208,5,0.869,1.767,5,678.0816,78.057225,2.67820935909119,-0.140412153716745,6.51926763468074,4.35744221154332,4.60517018598809,1.6094379124341,5
"Ranta_1985_10",TRUE,"Prey1",1,5,0.53,1.718,25,4.194,2.55,5,73.7881,162.5625,-0.63487827243597,1.43365493247973,4.30119747199233,5.09106254320887,1.6094379124341,3.2188758248682,5
"Ranta_1985_10",TRUE,"Prey2",1,2,2.103,0.754,0,0,0,7,27.857284,0,0.743364896720563,-Inf,3.32709447616226,-Inf,0.693147180559945,0,7
"Ranta_1985_10",TRUE,"Prey2",1,4,2.417,0.559,0,0,0,7,15.311569,0,0.882527101721346,-Inf,2.72860868645655,-Inf,1.38629436111989,0,7
"Ranta_1985_10",TRUE,"Prey2",1,8,3.334,0.595,0,0,0,7,17.347225,0,1.2041727843286,-Inf,2.85343255123761,-Inf,2.07944154167984,0,7
"Ranta_1985_10",TRUE,"Prey2",1,16,4.471,0.886,0,0,0,7,38.464804,0,1.49761209725184,-Inf,3.64974364135651,-Inf,2.77258872223978,0,7
"Ranta_1985_10",TRUE,"Prey2",1,32,4.6,0.757,0,0,0,7,28.079401,0,1.52605630349505,-Inf,3.33503624702125,-Inf,3.46573590279973,0,7
"Ranta_1985_10",TRUE,"Prey2",1,64,4.449,0.908,0,0,0,7,40.398736,0,1.4926793518239,-Inf,3.69879849734894,-Inf,4.15888308335967,0,7
"Ranta_1985_10",TRUE,"Prey2",1,128,4.507,0.969,0,0,0,7,46.009089,0,1.50563174370851,-Inf,3.82883896392788,-Inf,4.85203026391962,0,7
"Ranta_1985_10",TRUE,"Prey2",1,256,4.782,0.932,0,0,0,7,42.562576,0,1.56485886903613,-Inf,3.75097536951753,-Inf,5.54517744447956,0,7
"Ranta_1985_10",TRUE,"Prey2",1,15,5.261,2.414,15,2.003,1.873,5,145.6849,87.703225,1.66032112274867,0.694646056683681,4.98144607021888,4.4739586717921,2.70805020110221,2.70805020110221,5
"Ranta_1985_10",TRUE,"Prey2",1,30,4.488,1.326,30,1.668,2.131,5,43.9569,113.529025,1.5014071682204,0.511625303936555,3.78320960839554,4.73205853110116,3.40119738166216,3.40119738166216,5
"Ranta_1985_10",TRUE,"Prey2",1,50,2.562,0.772,50,0.445,0.253,5,14.8996,1.600225,0.940788203474542,-0.809680996815897,2.70133436695348,0.470144244358967,3.91202300542815,3.91202300542815,5
"Ranta_1985_10",TRUE,"Prey2",1,5,1.962,1.449,25,9.044,4.987,5,52.490025,621.754225,0.673964361143171,2.20210155441572,3.96062315154529,6.43254487799617,1.6094379124341,3.2188758248682,5
"Ranta_1985_10",TRUE,"Prey2",1,5,1.297,1.572,50,10.088,5.106,5,61.7796,651.7809,0.260053905334307,2.31134659866262,4.12357321288223,6.47970846250679,1.6094379124341,3.91202300542815,5
"Ranta_1985_10",TRUE,"Prey2",1,5,0.869,1.767,100,14.559,5.208,5,78.057225,678.0816,-0.140412153716745,2.67820935909119,4.35744221154332,6.51926763468074,1.6094379124341,4.60517018598809,5
"Ranta_1985_10",TRUE,"Prey2",1,25,4.194,2.55,5,0.53,1.718,5,162.5625,73.7881,1.43365493247973,-0.63487827243597,5.09106254320887,4.30119747199233,3.2188758248682,1.6094379124341,5
"Ranta_1985_13",TRUE,"Prey1",1,2,9.877,0.776,0,0,0,4,9.634816,0,2.29020882192599,-Inf,2.26538320464194,-Inf,0.693147180559945,0,4
"Ranta_1985_13",TRUE,"Prey1",1,4,13.904,1.279,0,0,0,4,26.173456,0,2.63217656852304,-Inf,3.26474576743319,-Inf,1.38629436111989,0,4
"Ranta_1985_13",TRUE,"Prey1",1,8,18.251,2.442,0,0,0,4,95.413824,0,2.90421987304788,-Inf,4.55822347361681,-Inf,2.07944154167984,0,4
"Ranta_1985_13",TRUE,"Prey1",1,16,18.429,1.163,0,0,0,4,21.641104,0,2.9139255108499,-Inf,3.07459446931284,-Inf,2.77258872223978,0,4
"Ranta_1985_13",TRUE,"Prey1",1,32,22.897,1.96,0,0,0,4,61.4656,0,3.13100589761156,-Inf,4.11847766872463,-Inf,3.46573590279973,0,4
"Ranta_1985_13",TRUE,"Prey1",1,64,21.58,2.542,0,0,0,4,103.388224,0,3.07176695982999,-Inf,4.63849106777431,-Inf,4.15888308335967,0,4
"Ranta_1985_13",TRUE,"Prey1",1,128,27.506,1.391,0,0,0,4,30.958096,0,3.31440416269252,-Inf,3.43263454812239,-Inf,4.85203026391962,0,4
"Ranta_1985_13",TRUE,"Prey1",1,256,30.323,1.392,0,0,0,4,31.002624,0,3.41190650047051,-Inf,3.43407184606424,-Inf,5.54517744447956,0,4
"Ranta_1985_13",TRUE,"Prey1",1,15,4.768,2.658,15,6.423,1.747,5,176.6241,76.300225,1.56192692976305,1.85988529827566,5.17402374545031,4.33467588717204,2.70805020110221,2.70805020110221,5
"Ranta_1985_13",TRUE,"Prey1",1,30,1.84,0.591,30,6.303,1.335,5,8.732025,44.555625,0.609765571620894,1.84102571053097,2.16699730171612,3.79673840857263,3.40119738166216,3.40119738166216,5
"Ranta_1985_13",TRUE,"Prey1",1,50,2.183,1.235,50,5.838,2.11,5,38.130625,111.3025,0.780700077567807,1.76438827243192,3.64101776502808,4.71225171984415,3.91202300542815,3.91202300542815,5
"Ranta_1985_13",TRUE,"Prey1",1,25,8.349,0.713,5,3.635,1.9,5,12.709225,90.25,2.12214177121186,1.29060911098548,2.54232810773252,4.50258359721299,3.2188758248682,1.6094379124341,5
"Ranta_1985_13",TRUE,"Prey1",1,50,10.535,2.616,5,2.342,1.531,5,171.0864,58.599025,2.35470304725615,0.851005265175526,5.1421686920581,4.07071805821929,3.91202300542815,1.6094379124341,5
"Ranta_1985_13",TRUE,"Prey1",1,100,13.399,5.663,5,3.481,0.912,5,801.739225,20.7936,2.59518007730647,1.2473196088293,6.68678339913154,3.03464524705259,4.60517018598809,1.6094379124341,5
"Ranta_1985_13",TRUE,"Prey1",1,5,0.743,0.481,25,4.64,2.483,5,5.784025,154.132225,-0.297059234264378,1.53471436623816,1.75509980711545,5.03781083792026,1.6094379124341,3.2188758248682,5
"Ranta_1985_13",TRUE,"Prey2",1,2,1.957,0.247,0,0,0,7,2.989441,0,0.671412688413939,-Inf,1.09508641340231,-Inf,0.693147180559945,0,7
"Ranta_1985_13",TRUE,"Prey2",1,4,2.765,0.663,0,0,0,7,21.538881,0,1.0170406349743,-Inf,3.06985972051808,-Inf,1.38629436111989,0,7
"Ranta_1985_13",TRUE,"Prey2",1,8,3.679,0.974,0,0,0,7,46.485124,0,1.30264097612264,-Inf,3.83913234743142,-Inf,2.07944154167984,0,7
"Ranta_1985_13",TRUE,"Prey2",1,16,5.421,0.824,0,0,0,7,33.269824,0,1.6902803002782,-Inf,3.5046507999653,-Inf,2.77258872223978,0,7
"Ranta_1985_13",TRUE,"Prey2",1,32,6.236,0.866,0,0,0,7,36.747844,0,1.83033895119553,-Inf,3.60407955727122,-Inf,3.46573590279973,0,7
"Ranta_1985_13",TRUE,"Prey2",1,64,6.73,1.106,0,0,0,7,59.938564,0,1.90657514365664,-Inf,4.09332010431091,-Inf,4.15888308335967,0,7
"Ranta_1985_13",TRUE,"Prey2",1,128,6.613,1.346,0,0,0,7,88.774084,0,1.88903740869253,-Inf,4.4860947605557,-Inf,4.85203026391962,0,7
"Ranta_1985_13",TRUE,"Prey2",1,256,6.805,1.277,0,0,0,7,79.905721,0,1.91765763610343,-Inf,4.38084745221143,-Inf,5.54517744447956,0,7
"Ranta_1985_13",TRUE,"Prey2",1,15,6.423,1.747,15,4.768,2.658,5,76.300225,176.6241,1.85988529827566,1.56192692976305,4.33467588717204,5.17402374545031,2.70805020110221,2.70805020110221,5
"Ranta_1985_13",TRUE,"Prey2",1,30,6.303,1.335,30,1.84,0.591,5,44.555625,8.732025,1.84102571053097,0.609765571620894,3.79673840857263,2.16699730171612,3.40119738166216,3.40119738166216,5
"Ranta_1985_13",TRUE,"Prey2",1,50,5.838,2.11,50,2.183,1.235,5,111.3025,38.130625,1.76438827243192,0.780700077567807,4.71225171984415,3.64101776502808,3.91202300542815,3.91202300542815,5
"Ranta_1985_13",TRUE,"Prey2",1,5,3.635,1.9,25,8.349,0.713,5,90.25,12.709225,1.29060911098548,2.12214177121186,4.50258359721299,2.54232810773252,1.6094379124341,3.2188758248682,5
"Ranta_1985_13",TRUE,"Prey2",1,5,2.342,1.531,50,10.535,2.616,5,58.599025,171.0864,0.851005265175526,2.35470304725615,4.07071805821929,5.1421686920581,1.6094379124341,3.91202300542815,5
"Ranta_1985_13",TRUE,"Prey2",1,5,3.481,0.912,100,13.399,5.663,5,20.7936,801.739225,1.2473196088293,2.59518007730647,3.03464524705259,6.68678339913154,1.6094379124341,4.60517018598809,5
"Ranta_1985_13",TRUE,"Prey2",1,25,4.64,2.483,5,0.743,0.481,5,154.132225,5.784025,1.53471436623816,-0.297059234264378,5.03781083792026,1.75509980711545,3.2188758248682,1.6094379124341,5
"Ranta_1985_18",TRUE,"Prey1",1,2,5.195,1.02,0,0,0,4,16.6464,0,1.64769662455119,-Inf,2.81219397683214,-Inf,0.693147180559945,0,4
"Ranta_1985_18",TRUE,"Prey1",1,4,17.03,1.205,0,0,0,4,23.2324,0,2.8349764946746,-Inf,3.14554785612502,-Inf,1.38629436111989,0,4
"Ranta_1985_18",TRUE,"Prey1",1,8,19.806,1.014,0,0,0,4,16.451136,0,2.98598492209911,-Inf,2.80039453257776,-Inf,2.07944154167984,0,4
"Ranta_1985_18",TRUE,"Prey1",1,16,26.598,2.751,0,0,0,4,121.088016,0,3.28083602499097,-Inf,4.79651768612466,-Inf,2.77258872223978,0,4
"Ranta_1985_18",TRUE,"Prey1",1,32,28.213,3.205,0,0,0,4,164.3524,0,3.33978286462728,-Inf,5.10201290298505,-Inf,3.46573590279973,0,4
"Ranta_1985_18",TRUE,"Prey1",1,64,28.913,2.116,0,0,0,4,71.639296,0,3.36429132096618,-Inf,4.27164375023189,-Inf,4.15888308335967,0,4
"Ranta_1985_18",TRUE,"Prey1",1,128,26.376,1.81,0,0,0,4,52.4176,0,3.27245450576943,-Inf,3.95924241279525,-Inf,4.85203026391962,0,4
"Ranta_1985_18",TRUE,"Prey1",1,256,28.482,1.772,0,0,0,4,50.239744,0,3.34927230879724,-Inf,3.91680642660556,-Inf,5.54517744447956,0,4
"Ranta_1985_18",TRUE,"Prey1",1,15,3.868,3.086,15,6.767,2.452,5,238.0849,150.3076,1.35273757759105,1.91205785725009,5.47262733275014,5.01268386101613,2.70805020110221,2.70805020110221,5
"Ranta_1985_18",TRUE,"Prey1",1,30,2.227,2.22,30,5.779,2.227,5,123.21,123.988225,0.800655388275231,1.75423065733564,4.81389021663658,4.82018660141866,3.40119738166216,3.40119738166216,5
"Ranta_1985_18",TRUE,"Prey1",1,50,6.693,4.952,50,9.954,1.447,5,613.0576,52.345225,1.90106220411851,2.29797448043636,6.41845889563279,3.95786072016689,3.91202300542815,3.91202300542815,5
"Ranta_1985_18",TRUE,"Prey1",1,25,4.521,1.624,5,3.348,1.585,5,65.9344,62.805625,1.50873320831247,1.20836315262723,4.18866030834717,4.14004463952669,3.2188758248682,1.6094379124341,5
"Ranta_1985_18",TRUE,"Prey1",1,50,13.96,3.911,5,4.926,1.138,5,382.398025,32.3761,2.63619609733423,1.59452729969835,5.94646201641496,3.47742049627648,3.91202300542815,1.6094379124341,5
"Ranta_1985_18",TRUE,"Prey1",1,100,13.122,4.587,5,0.863,0.592,5,526.014225,8.7616,2.57429021092269,-0.147340587898709,6.26532825609827,2.17037853667194,4.60517018598809,1.6094379124341,5
"Ranta_1985_18",TRUE,"Prey1",1,5,0.28,0.366,25,8.08,1.866,5,3.3489,87.0489,-1.27296567581289,2.089391872533,1.20863193370666,4.46647002971851,1.6094379124341,3.2188758248682,5
"Ranta_1985_18",TRUE,"Prey2",1,2,3.163,0.597,0,0,0,7,17.464041,0,1.15152094432351,-Inf,2.86014396693156,-Inf,0.693147180559945,0,7
"Ranta_1985_18",TRUE,"Prey2",1,4,4.61,0.314,0,0,0,7,4.831204,0,1.52822785700856,-Inf,1.57509571196286,-Inf,1.38629436111989,0,7
"Ranta_1985_18",TRUE,"Prey2",1,8,5.329,0.757,0,0,0,7,28.079401,0,1.67316360331465,-Inf,3.33503624702125,-Inf,2.07944154167984,0,7
"Ranta_1985_18",TRUE,"Prey2",1,16,6.656,0.852,0,0,0,7,35.569296,0,1.89551870351891,-Inf,3.57148279380498,-Inf,2.77258872223978,0,7
"Ranta_1985_18",TRUE,"Prey2",1,32,8.455,0.991,0,0,0,7,48.121969,0,2.13475798235054,-Inf,3.87373880880633,-Inf,3.46573590279973,0,7
"Ranta_1985_18",TRUE,"Prey2",1,64,9.179,1.302,0,0,0,7,83.064996,0,2.21691826623695,-Inf,4.41962338568338,-Inf,4.15888308335967,0,7
"Ranta_1985_18",TRUE,"Prey2",1,128,8.339,1.107,0,0,0,7,60.047001,0,2.12094330510485,-Inf,4.09512760556363,-Inf,4.85203026391962,0,7
"Ranta_1985_18",TRUE,"Prey2",1,256,8.264,0.924,0,0,0,7,41.835024,0,2.11190873181734,-Inf,3.73373388342972,-Inf,5.54517744447956,0,7
"Ranta_1985_18",TRUE,"Prey2",1,15,6.767,2.452,15,3.868,3.086,5,150.3076,238.0849,1.91205785725009,1.35273757759105,5.01268386101613,5.47262733275014,2.70805020110221,2.70805020110221,5
"Ranta_1985_18",TRUE,"Prey2",1,30,5.779,2.227,30,2.227,2.22,5,123.988225,123.21,1.75423065733564,0.800655388275231,4.82018660141866,4.81389021663658,3.40119738166216,3.40119738166216,5
"Ranta_1985_18",TRUE,"Prey2",1,50,9.954,1.447,50,6.693,4.952,5,52.345225,613.0576,2.29797448043636,1.90106220411851,3.95786072016689,6.41845889563279,3.91202300542815,3.91202300542815,5
"Ranta_1985_18",TRUE,"Prey2",1,5,3.348,1.585,25,4.521,1.624,5,62.805625,65.9344,1.20836315262723,1.50873320831247,4.14004463952669,4.18866030834717,1.6094379124341,3.2188758248682,5
"Ranta_1985_18",TRUE,"Prey2",1,5,4.926,1.138,50,13.96,3.911,5,32.3761,382.398025,1.59452729969835,2.63619609733423,3.47742049627648,5.94646201641496,1.6094379124341,3.91202300542815,5
"Ranta_1985_18",TRUE,"Prey2",1,5,0.863,0.592,100,13.122,4.587,5,8.7616,526.014225,-0.147340587898709,2.57429021092269,2.17037853667194,6.26532825609827,1.6094379124341,4.60517018598809,5
"Ranta_1985_18",TRUE,"Prey2",1,25,8.08,1.866,5,0.28,0.366,5,87.0489,3.3489,2.089391872533,-1.27296567581289,4.46647002971851,1.20863193370666,3.2188758248682,1.6094379124341,5
"Ranta_1985_Ad",TRUE,"Prey1",1,2,3.023,0.793,0,0,0,4,10.061584,0,1.10624971579732,-Inf,2.3087246075452,-Inf,0.693147180559945,0,4
"Ranta_1985_Ad",TRUE,"Prey1",1,4,5.615,0.832,0,0,0,4,11.075584,0,1.72544158819041,-Inf,2.40474304591792,-Inf,1.38629436111989,0,4
"Ranta_1985_Ad",TRUE,"Prey1",1,8,11.271,0.835,0,0,0,4,11.1556,0,2.42223305525994,-Inf,2.41194161397722,-Inf,2.07944154167984,0,4
"Ranta_1985_Ad",TRUE,"Prey1",1,16,10.557,1.153,0,0,0,4,21.270544,0,2.35678914700756,-Inf,3.05732320481363,-Inf,2.77258872223978,0,4
"Ranta_1985_Ad",TRUE,"Prey1",1,32,15.87,0.709,0,0,0,4,8.042896,0,2.76443053453832,-Inf,2.08478921733976,-Inf,3.46573590279973,0,4
"Ranta_1985_Ad",TRUE,"Prey1",1,64,19.342,0.921,0,0,0,4,13.571856,0,2.96227889729477,-Inf,2.60799823678612,-Inf,4.15888308335967,0,4
"Ranta_1985_Ad",TRUE,"Prey1",1,128,21.127,1.11,0,0,0,4,19.7136,0,3.0505518433181,-Inf,2.98130875288827,-Inf,4.85203026391962,0,4
"Ranta_1985_Ad",TRUE,"Prey1",1,256,22.176,1.377,0,0,0,4,30.338064,0,3.09901062300749,-Inf,3.41240316173282,-Inf,5.54517744447956,0,4
"Ranta_1985_Ad",TRUE,"Prey1",1,10,1.456,1.814,10,5.08,1.499,5,82.2649,56.175025,0.375692949774494,1.62531126159039,4.40994452825409,4.02847226310912,2.30258509299405,2.30258509299405,5
"Ranta_1985_Ad",TRUE,"Prey1",1,50,4.788,1.957,50,17.354,4.118,5,95.746225,423.9481,1.56611278769573,2.8538230273713,4.56170120169608,6.0496110420794,3.91202300542815,3.91202300542815,5
"Ranta_1985_Ad",TRUE,"Prey1",1,100,3.03,2.722,100,17.83,13.239,5,185.2321,4381.778025,1.10856261952128,2.88088243187505,5.22160963332675,8.38520986277924,4.60517018598809,4.60517018598809,5
"Ranta_1985_Ad",TRUE,"Prey1",1,25,3.179,1.829,5,5.74,3.9,5,83.631025,380.25,1.15656668192867,1.74745921033147,4.42641456368566,5.9408289311394,3.2188758248682,1.6094379124341,5
"Ranta_1985_Ad",TRUE,"Prey1",1,50,3.379,2.29,5,4.641,2.517,5,131.1025,158.382225,1.21757980773215,1.53492986025904,4.8759794600005,5.06501125717456,3.91202300542815,1.6094379124341,5
"Ranta_1985_Ad",TRUE,"Prey1",1,100,3.543,3.036,5,4.817,3.831,5,230.4324,366.914025,1.26497382588333,1.57215132764808,5.43995754393497,5.90512755630522,4.60517018598809,1.6094379124341,5
"Ranta_1985_Ad",TRUE,"Prey1",1,200,5.653,3.16,5,3.248,1.677,5,249.64,70.308225,1.73218637769315,1.17803942229943,5.52001988006584,4.25288879055034,5.29831736654804,1.6094379124341,5
"Ranta_1985_Ad",TRUE,"Prey2",1,2,4.382,0.355,0,0,0,7,6.175225,0,1.47750524117327,-Inf,1.82054531909718,-Inf,0.693147180559945,0,7
"Ranta_1985_Ad",TRUE,"Prey2",1,4,8.872,1.26,0,0,0,7,77.7924,0,2.18290025004807,-Inf,4.3540437400374,-Inf,1.38629436111989,0,7
"Ranta_1985_Ad",TRUE,"Prey2",1,8,11.935,0.96,0,0,0,7,45.1584,0,2.47947525979079,-Inf,3.81017630907012,-Inf,2.07944154167984,0,7
"Ranta_1985_Ad",TRUE,"Prey2",1,16,19.96,0.961,0,0,0,7,45.252529,0,2.99373027088332,-Inf,3.81225855808694,-Inf,2.77258872223978,0,7
"Ranta_1985_Ad",TRUE,"Prey2",1,32,18.875,0.994,0,0,0,7,48.413764,0,2.93783829513509,-Inf,3.8797841534595,-Inf,3.46573590279973,0,7
"Ranta_1985_Ad",TRUE,"Prey2",1,64,23.339,1.397,0,0,0,7,95.628841,0,3.15012578103908,-Inf,4.56047445866028,-Inf,4.15888308335967,0,7
"Ranta_1985_Ad",TRUE,"Prey2",1,128,24.165,0.967,0,0,0,7,45.819361,0,3.18490530529705,-Inf,3.82470673105294,-Inf,4.85203026391962,0,7
"Ranta_1985_Ad",TRUE,"Prey2",1,256,25.589,1.384,0,0,0,7,93.857344,0,3.24216257164339,-Inf,4.54177601250158,-Inf,5.54517744447956,0,7
"Ranta_1985_Ad",TRUE,"Prey2",1,10,5.08,1.499,10,1.456,1.814,5,56.175025,82.2649,1.62531126159039,0.375692949774494,4.02847226310912,4.40994452825409,2.30258509299405,2.30258509299405,5
"Ranta_1985_Ad",TRUE,"Prey2",1,50,17.354,4.118,50,4.788,1.957,5,423.9481,95.746225,2.8538230273713,1.56611278769573,6.0496110420794,4.56170120169608,3.91202300542815,3.91202300542815,5
"Ranta_1985_Ad",TRUE,"Prey2",1,100,17.83,13.239,100,3.03,2.722,5,4381.778025,185.2321,2.88088243187505,1.10856261952128,8.38520986277924,5.22160963332675,4.60517018598809,4.60517018598809,5
"Ranta_1985_Ad",TRUE,"Prey2",1,5,5.74,3.9,25,3.179,1.829,5,380.25,83.631025,1.74745921033147,1.15656668192867,5.9408289311394,4.42641456368566,1.6094379124341,3.2188758248682,5
"Ranta_1985_Ad",TRUE,"Prey2",1,5,4.641,2.517,50,3.379,2.29,5,158.382225,131.1025,1.53492986025904,1.21757980773215,5.06501125717456,4.8759794600005,1.6094379124341,3.91202300542815,5
"Ranta_1985_Ad",TRUE,"Prey2",1,5,4.817,3.831,100,3.543,3.036,5,366.914025,230.4324,1.57215132764808,1.26497382588333,5.90512755630522,5.43995754393497,1.6094379124341,4.60517018598809,5
"Ranta_1985_Ad",TRUE,"Prey2",1,5,3.248,1.677,200,5.653,3.16,5,70.308225,249.64,1.17803942229943,1.73218637769315,4.25288879055034,5.52001988006584,1.6094379124341,5.29831736654804,5
